Start date;End date;Germany/Luxembourg [€/MWh] Original resolutions;∅ DE/LU neighbours [€/MWh] Original resolutions;Belgium [€/MWh] Original resolutions;Denmark 1 [€/MWh] Original resolutions;Denmark 2 [€/MWh] Original resolutions;France [€/MWh] Original resolutions;Netherlands [€/MWh] Original resolutions;Norway 2 [€/MWh] Original resolutions;Austria [€/MWh] Original resolutions;Poland [€/MWh] Original resolutions;Sweden 4 [€/MWh] Original resolutions;Switzerland [€/MWh] Original resolutions;Czech Republic [€/MWh] Original resolutions;DE/AT/LU [€/MWh] Original resolutions;Northern Italy [€/MWh] Original resolutions;Slovenia [€/MWh] Original resolutions;Hungary [€/MWh] Original resolutions
Aug 18, 2026 12:00 AM;Aug 18, 2026 12:15 AM;187.93;183.55;187.93;187.93;187.94;187.93;187.93;169.46;187.93;170.23;187.03;176.86;187.93;-;187.93;187.93;187.93
Aug 18, 2026 12:15 AM;Aug 18, 2026 12:30 AM;179.97;176.14;179.97;179.97;179.99;179.97;179.97;168.40;179.97;152.00;180.42;176.86;179.97;-;179.97;179.97;179.97
Aug 18, 2026 12:30 AM;Aug 18, 2026 12:45 AM;167.81;166.69;167.81;167.81;167.82;167.81;167.81;163.98;167.81;149.90;168.22;176.86;167.81;-;167.81;167.81;167.81
Aug 18, 2026 12:45 AM;Aug 18, 2026 1:00 AM;158.56;159.64;158.56;158.56;158.57;158.56;158.56;157.16;158.56;156.87;155.19;176.86;158.56;-;158.56;158.56;158.56
Aug 18, 2026 1:00 AM;Aug 18, 2026 1:15 AM;167.15;166.45;167.15;167.15;167.16;167.15;167.15;158.71;167.15;167.15;167.58;167.49;167.15;-;167.15;167.15;167.15
Aug 18, 2026 1:15 AM;Aug 18, 2026 1:30 AM;161.93;161.90;161.93;161.93;161.95;161.93;161.93;157.02;161.93;161.93;160.98;167.49;161.93;-;161.93;161.93;161.93
Aug 18, 2026 1:30 AM;Aug 18, 2026 1:45 AM;160.00;160.12;160.00;160.00;160.01;160.00;160.00;155.14;160.00;160.00;158.73;167.49;160.00;-;160.00;160.00;160.00
Aug 18, 2026 1:45 AM;Aug 18, 2026 2:00 AM;150.07;151.17;150.07;150.07;150.08;150.07;150.07;145.90;150.07;150.07;148.86;167.49;150.07;-;150.07;150.07;150.07
Aug 18, 2026 2:00 AM;Aug 18, 2026 2:15 AM;152.55;152.87;152.55;152.55;152.56;152.55;152.55;147.24;152.55;152.55;152.11;161.79;152.55;-;152.55;152.55;152.55
Aug 18, 2026 2:15 AM;Aug 18, 2026 2:30 AM;150.08;150.75;150.08;150.08;150.09;150.08;150.08;145.35;150.08;150.08;150.46;161.79;150.08;-;150.08;150.08;150.08
Aug 18, 2026 2:30 AM;Aug 18, 2026 2:45 AM;149.66;150.19;149.66;149.66;149.67;149.66;149.66;144.95;149.66;149.66;148.05;161.79;149.66;-;149.66;149.66;149.66
Aug 18, 2026 2:45 AM;Aug 18, 2026 3:00 AM;150.93;151.38;150.93;150.93;150.94;150.93;150.93;146.21;150.93;150.93;149.71;161.79;150.93;-;150.93;150.93;150.93
Aug 18, 2026 3:00 AM;Aug 18, 2026 3:15 AM;148.34;148.74;148.34;148.34;148.35;148.34;148.34;143.64;148.34;148.34;147.09;158.73;148.34;-;148.34;148.34;148.34
Aug 18, 2026 3:15 AM;Aug 18, 2026 3:30 AM;146.98;147.51;146.98;146.98;146.99;146.98;146.98;142.31;146.98;146.98;145.77;158.73;146.98;-;152.58;146.98;146.98
Aug 18, 2026 3:30 AM;Aug 18, 2026 3:45 AM;148.18;148.60;148.18;148.18;148.19;148.18;148.18;143.49;148.18;148.18;146.96;158.73;148.18;-;148.18;148.18;148.18
Aug 18, 2026 3:45 AM;Aug 18, 2026 4:00 AM;150.07;150.31;150.07;150.07;150.09;150.07;150.07;145.36;150.07;150.07;148.69;158.73;150.07;-;158.74;150.07;150.07
Aug 18, 2026 4:00 AM;Aug 18, 2026 4:15 AM;148.40;148.56;148.40;148.40;148.41;148.40;148.40;143.70;148.40;148.40;145.13;158.10;148.40;-;148.80;148.40;148.40
Aug 18, 2026 4:15 AM;Aug 18, 2026 4:30 AM;147.05;147.52;147.05;147.05;147.06;147.05;147.05;142.37;147.05;147.05;145.81;158.10;147.05;-;152.99;147.05;147.05
Aug 18, 2026 4:30 AM;Aug 18, 2026 4:45 AM;149.30;149.57;149.30;149.30;149.31;149.30;149.30;144.62;149.30;149.30;148.13;158.10;149.30;-;152.44;149.30;149.30
Aug 18, 2026 4:45 AM;Aug 18, 2026 5:00 AM;152.13;152.28;152.13;152.13;152.14;152.13;152.13;147.41;152.13;152.13;152.50;158.10;152.13;-;152.13;152.13;152.13
Aug 18, 2026 5:00 AM;Aug 18, 2026 5:15 AM;147.12;148.03;147.12;147.12;147.13;147.12;147.12;142.48;147.12;147.12;143.16;165.69;147.12;-;156.11;147.12;147.12
Aug 18, 2026 5:15 AM;Aug 18, 2026 5:30 AM;155.99;156.47;155.99;155.99;156.00;155.99;155.99;151.20;155.99;155.99;156.37;165.69;155.99;-;160.80;155.99;155.99
Aug 18, 2026 5:30 AM;Aug 18, 2026 5:45 AM;159.44;159.61;159.44;159.44;159.46;159.44;159.44;154.63;159.44;159.44;159.81;165.69;159.44;-;161.13;159.44;159.44
Aug 18, 2026 5:45 AM;Aug 18, 2026 6:00 AM;173.57;165.70;173.57;173.57;172.71;173.57;173.57;157.47;173.57;115.02;170.36;165.69;173.57;-;174.72;173.57;173.57
Aug 18, 2026 6:00 AM;Aug 18, 2026 6:15 AM;172.39;169.35;172.39;172.39;173.27;172.39;172.39;158.52;172.39;143.00;173.67;180.00;172.39;-;191.37;172.39;172.39
Aug 18, 2026 6:15 AM;Aug 18, 2026 6:30 AM;190.44;177.12;172.89;187.70;188.69;183.28;174.29;160.95;189.60;140.59;180.58;180.00;189.71;-;190.00;189.33;189.50
Aug 18, 2026 6:30 AM;Aug 18, 2026 6:45 AM;192.51;176.39;160.44;187.51;189.31;179.44;163.00;162.74;190.99;145.72;190.02;180.00;191.17;-;196.59;190.48;190.79
Aug 18, 2026 6:45 AM;Aug 18, 2026 7:00 AM;195.78;179.38;170.76;191.88;193.30;185.58;172.76;163.61;194.59;131.80;194.21;180.00;194.74;-;194.86;194.20;194.44
Aug 18, 2026 7:00 AM;Aug 18, 2026 7:15 AM;199.70;181.51;172.72;195.54;197.11;188.80;174.64;168.61;198.40;123.45;194.87;183.83;198.62;-;190.50;198.06;198.32
Aug 18, 2026 7:15 AM;Aug 18, 2026 7:30 AM;193.79;182.09;185.22;192.47;192.98;190.32;185.83;168.69;193.37;123.45;193.44;183.83;193.44;-;190.39;193.26;193.35
Aug 18, 2026 7:30 AM;Aug 18, 2026 7:45 AM;188.86;182.59;188.86;188.86;188.88;188.86;188.86;169.56;188.86;143.80;189.28;183.83;188.86;-;213.86;188.86;188.86
Aug 18, 2026 7:45 AM;Aug 18, 2026 8:00 AM;187.94;181.81;187.64;188.02;188.23;187.39;187.77;169.37;187.18;143.02;188.66;183.83;188.81;-;189.10;183.91;192.62
Aug 18, 2026 8:00 AM;Aug 18, 2026 8:15 AM;201.38;188.63;201.38;201.38;201.41;201.38;201.38;171.29;201.38;109.07;201.99;182.89;201.38;-;201.38;201.38;201.38
Aug 18, 2026 8:15 AM;Aug 18, 2026 8:30 AM;196.16;187.17;196.16;196.16;196.18;196.16;196.16;170.72;196.16;135.38;196.70;182.89;196.16;-;196.16;196.16;196.16
Aug 18, 2026 8:30 AM;Aug 18, 2026 8:45 AM;180.00;179.34;180.00;180.00;180.01;180.00;180.00;169.57;180.00;180.00;180.28;182.89;180.00;-;180.00;180.00;180.00
Aug 18, 2026 8:45 AM;Aug 18, 2026 9:00 AM;163.34;165.50;163.34;163.34;165.08;163.34;163.34;163.92;163.34;163.34;165.19;182.89;163.34;-;163.34;163.34;163.34
Aug 18, 2026 9:00 AM;Aug 18, 2026 9:15 AM;174.56;173.22;174.56;174.56;172.84;174.56;174.56;168.88;174.56;174.56;173.05;168.76;174.56;-;174.56;174.56;174.56
Aug 18, 2026 9:15 AM;Aug 18, 2026 9:30 AM;167.97;167.69;167.97;167.97;167.98;167.97;167.97;163.91;167.97;167.97;168.18;168.76;167.97;-;167.97;167.97;167.97
Aug 18, 2026 9:30 AM;Aug 18, 2026 9:45 AM;156.37;153.86;157.05;157.23;158.74;158.00;156.79;154.22;146.39;131.29;158.91;168.76;145.03;-;158.00;158.00;136.40
Aug 18, 2026 9:45 AM;Aug 18, 2026 10:00 AM;146.82;143.34;147.93;147.99;149.93;148.18;147.55;144.32;134.14;114.87;140.51;168.76;132.51;-;148.18;148.18;121.93
Aug 18, 2026 10:00 AM;Aug 18, 2026 10:15 AM;160.98;158.58;160.95;160.87;160.58;160.70;160.95;157.33;160.70;154.87;160.78;155.00;151.68;-;160.70;155.55;147.61
Aug 18, 2026 10:15 AM;Aug 18, 2026 10:30 AM;155.17;154.74;155.28;155.06;154.88;155.33;155.23;150.48;157.83;153.01;155.08;155.00;155.01;-;155.33;154.14;148.21
Aug 18, 2026 10:30 AM;Aug 18, 2026 10:45 AM;147.90;147.55;148.01;147.73;147.27;146.18;148.02;144.97;153.02;143.17;142.40;155.00;147.33;-;146.18;145.27;133.01
Aug 18, 2026 10:45 AM;Aug 18, 2026 11:00 AM;145.48;144.61;145.32;145.55;146.40;137.79;145.61;141.15;148.43;140.93;140.20;155.00;144.30;-;138.19;141.85;131.96
Aug 18, 2026 11:00 AM;Aug 18, 2026 11:15 AM;148.95;147.64;148.70;148.64;146.76;147.00;148.78;145.62;154.60;143.55;146.94;145.00;148.49;-;147.00;146.16;131.67
Aug 18, 2026 11:15 AM;Aug 18, 2026 11:30 AM;144.56;143.93;144.23;144.32;144.00;142.41;144.35;144.08;148.63;140.56;141.46;145.00;144.18;-;142.41;142.41;131.80
Aug 18, 2026 11:30 AM;Aug 18, 2026 11:45 AM;141.93;140.24;139.48;141.65;141.49;129.43;140.41;143.30;143.22;139.02;138.48;145.00;141.21;-;136.34;139.10;133.17
Aug 18, 2026 11:45 AM;Aug 18, 2026 12:00 PM;147.13;141.61;141.10;146.49;146.16;116.56;143.40;143.18;149.32;140.87;140.18;145.00;145.44;-;136.34;140.62;128.50
Aug 18, 2026 12:00 PM;Aug 18, 2026 12:15 PM;137.31;137.38;137.22;137.07;136.77;135.70;137.22;141.61;141.90;133.45;132.83;140.21;137.15;-;135.70;135.70;124.76
Aug 18, 2026 12:15 PM;Aug 18, 2026 12:30 PM;137.16;137.66;137.14;137.10;137.03;136.75;137.14;141.62;138.32;136.19;135.69;140.21;137.12;-;136.75;136.75;134.00
Aug 18, 2026 12:30 PM;Aug 18, 2026 12:45 PM;136.41;137.12;136.41;136.41;136.41;136.41;136.41;140.90;136.41;136.41;135.97;140.21;136.41;-;136.41;136.41;136.41
Aug 18, 2026 12:45 PM;Aug 18, 2026 1:00 PM;135.42;135.90;135.69;135.26;134.89;135.85;135.58;139.73;137.99;130.60;131.09;140.21;137.97;-;135.85;136.84;134.70
Aug 18, 2026 1:00 PM;Aug 18, 2026 1:15 PM;133.77;134.14;134.07;133.59;133.16;134.27;133.94;138.13;136.03;128.09;129.02;137.76;137.43;-;134.27;136.32;136.64
Aug 18, 2026 1:15 PM;Aug 18, 2026 1:30 PM;133.15;133.60;133.42;132.99;132.61;133.60;133.31;137.37;135.17;128.09;128.88;137.76;136.42;-;133.60;135.42;135.72
Aug 18, 2026 1:30 PM;Aug 18, 2026 1:45 PM;131.76;131.71;130.97;131.38;131.05;124.76;131.17;135.66;135.04;125.77;129.04;137.76;136.26;-;134.75;135.48;135.60
Aug 18, 2026 1:45 PM;Aug 18, 2026 2:00 PM;128.73;129.95;129.28;128.40;127.62;129.65;129.05;134.81;132.88;118.34;126.18;137.76;135.44;-;136.32;133.40;133.99
Aug 18, 2026 2:00 PM;Aug 18, 2026 2:15 PM;129.85;130.20;130.28;129.59;128.97;130.57;130.10;131.37;133.11;121.59;123.24;138.30;135.07;-;130.57;133.52;133.99
Aug 18, 2026 2:15 PM;Aug 18, 2026 2:30 PM;130.24;131.08;130.63;130.00;129.45;130.90;130.47;134.22;133.20;122.76;126.98;138.30;134.98;-;136.51;133.57;134.00
Aug 18, 2026 2:30 PM;Aug 18, 2026 2:45 PM;131.96;132.89;132.36;131.72;131.15;132.62;132.19;136.10;134.96;124.37;131.23;138.30;136.76;-;136.93;135.33;135.77
Aug 18, 2026 2:45 PM;Aug 18, 2026 3:00 PM;130.10;131.16;130.74;129.71;128.80;131.17;130.48;134.02;134.93;117.88;128.85;138.30;137.84;-;139.40;135.53;136.24
Aug 18, 2026 3:00 PM;Aug 18, 2026 3:15 PM;131.79;132.27;132.01;131.63;131.29;132.18;131.91;128.00;133.52;127.28;129.23;143.27;134.60;-;136.66;133.74;134.00
Aug 18, 2026 3:15 PM;Aug 18, 2026 3:30 PM;130.35;131.26;130.46;130.27;130.10;130.54;130.41;129.15;131.22;128.09;128.56;143.27;131.76;-;139.40;131.33;131.46
Aug 18, 2026 3:30 PM;Aug 18, 2026 3:45 PM;131.72;132.04;131.56;131.38;130.89;128.90;131.58;131.12;134.98;124.38;127.74;143.27;136.62;-;138.59;135.40;135.72
Aug 18, 2026 3:45 PM;Aug 18, 2026 4:00 PM;135.91;135.10;134.28;135.27;134.66;128.70;135.07;134.83;141.22;125.38;130.08;143.27;143.39;-;141.22;141.90;142.21
Aug 18, 2026 4:00 PM;Aug 18, 2026 4:15 PM;132.03;134.11;132.17;131.88;131.60;132.06;132.11;136.27;133.62;128.09;128.04;154.89;134.49;-;146.51;133.82;134.04
Aug 18, 2026 4:15 PM;Aug 18, 2026 4:30 PM;134.74;134.68;131.74;134.26;134.63;113.15;132.62;138.77;137.35;134.86;132.65;154.89;136.57;-;150.00;137.77;137.11
Aug 18, 2026 4:30 PM;Aug 18, 2026 4:45 PM;139.72;141.11;139.72;139.72;139.73;139.72;139.72;140.00;139.72;139.72;139.58;154.89;139.72;-;148.18;139.72;139.72
Aug 18, 2026 4:45 PM;Aug 18, 2026 5:00 PM;149.30;149.80;149.30;149.30;149.31;149.30;149.30;148.83;149.30;149.30;149.64;154.89;149.30;-;155.71;149.30;149.30
Aug 18, 2026 5:00 PM;Aug 18, 2026 5:15 PM;138.26;141.75;138.26;138.26;140.82;138.26;138.25;138.36;138.91;138.47;141.35;169.83;138.50;-;148.45;138.72;138.69
Aug 18, 2026 5:15 PM;Aug 18, 2026 5:30 PM;150.66;153.02;150.66;150.46;153.24;148.17;148.96;144.92;159.56;150.00;153.68;169.83;153.79;-;156.95;156.95;156.74
Aug 18, 2026 5:30 PM;Aug 18, 2026 5:45 PM;160.50;157.78;155.49;159.52;162.46;155.49;153.66;155.15;179.95;113.53;162.91;169.83;167.58;-;174.06;174.06;173.31
Aug 18, 2026 5:45 PM;Aug 18, 2026 6:00 PM;167.19;163.26;152.34;164.54;170.67;154.78;148.60;159.99;214.90;104.43;171.22;169.83;184.56;-;186.46;200.47;198.61
Aug 18, 2026 6:00 PM;Aug 18, 2026 6:15 PM;159.01;156.31;148.29;157.42;159.14;155.32;149.05;159.29;174.60;104.43;159.52;186.89;165.47;-;172.90;172.90;171.84
Aug 18, 2026 6:15 PM;Aug 18, 2026 6:30 PM;174.44;165.56;157.48;171.85;175.02;167.80;158.87;166.67;179.99;104.43;175.71;186.89;176.47;-;186.53;179.13;178.83
Aug 18, 2026 6:30 PM;Aug 18, 2026 6:45 PM;187.57;186.23;181.29;186.64;190.09;185.44;181.72;176.22;197.36;180.20;191.01;186.89;191.63;-;186.53;196.29;195.63
Aug 18, 2026 6:45 PM;Aug 18, 2026 7:00 PM;193.20;192.60;178.94;191.09;194.62;188.33;179.94;185.12;214.82;201.23;195.49;186.89;202.16;-;210.21;212.47;211.00
Aug 18, 2026 7:00 PM;Aug 18, 2026 7:15 PM;192.00;195.76;192.00;192.37;207.59;192.00;192.00;187.04;192.00;192.00;208.78;205.55;192.00;-;197.48;192.00;192.00
Aug 18, 2026 7:15 PM;Aug 18, 2026 7:30 PM;195.01;194.76;188.06;193.98;197.56;192.34;188.59;189.08;195.39;197.71;198.45;205.55;195.70;-;198.98;195.81;196.28
Aug 18, 2026 7:30 PM;Aug 18, 2026 7:45 PM;200.16;203.21;200.69;200.38;204.08;201.04;200.52;195.37;203.46;214.48;205.01;205.55;204.68;-;204.25;205.93;207.80
Aug 18, 2026 7:45 PM;Aug 18, 2026 8:00 PM;203.56;208.94;204.72;204.04;207.80;205.47;204.35;198.98;210.71;234.56;208.78;205.55;213.36;-;214.34;216.05;220.10
Aug 18, 2026 8:00 PM;Aug 18, 2026 8:15 PM;198.56;203.44;199.35;198.95;205.01;199.88;199.09;193.85;203.50;220.11;205.97;206.88;205.30;-;199.88;207.20;210.00
Aug 18, 2026 8:15 PM;Aug 18, 2026 8:30 PM;202.56;204.28;202.80;202.65;206.40;202.96;202.72;197.60;204.05;209.07;207.34;206.88;204.60;-;202.96;205.17;206.02
Aug 18, 2026 8:30 PM;Aug 18, 2026 8:45 PM;202.00;207.44;202.36;202.63;222.78;202.60;202.24;196.97;204.27;211.90;224.16;206.88;205.10;-;202.60;205.97;207.25
Aug 18, 2026 8:45 PM;Aug 18, 2026 9:00 PM;198.46;203.55;199.35;198.86;203.95;199.93;199.06;193.81;203.96;222.43;204.89;206.88;205.96;-;204.00;208.07;211.19
Aug 18, 2026 9:00 PM;Aug 18, 2026 9:15 PM;203.60;207.82;204.58;203.99;207.76;205.24;204.26;198.89;209.74;230.44;208.40;200.79;211.89;-;210.14;214.35;217.83
Aug 18, 2026 9:15 PM;Aug 18, 2026 9:30 PM;208.53;209.13;208.77;208.63;212.48;208.92;208.69;203.46;210.01;214.97;213.16;200.79;210.52;-;210.01;211.11;211.95
Aug 18, 2026 9:30 PM;Aug 18, 2026 9:45 PM;196.03;196.72;196.03;196.03;199.65;196.03;196.03;191.04;196.03;196.03;200.24;200.79;196.03;-;196.03;196.03;196.03
Aug 18, 2026 9:45 PM;Aug 18, 2026 10:00 PM;187.02;188.51;187.02;187.02;190.47;187.02;187.02;182.17;187.02;187.02;191.00;200.79;187.02;-;187.02;187.02;187.02
Aug 18, 2026 10:00 PM;Aug 18, 2026 10:15 PM;200.23;199.03;200.23;200.23;200.26;200.23;200.23;193.69;200.23;200.23;200.72;193.09;200.23;-;200.23;200.23;200.23
Aug 18, 2026 10:15 PM;Aug 18, 2026 10:30 PM;195.00;193.81;195.00;195.00;195.02;195.00;195.00;183.27;195.00;195.00;195.51;193.09;195.00;-;195.00;195.00;195.00
Aug 18, 2026 10:30 PM;Aug 18, 2026 10:45 PM;188.25;185.95;188.25;188.25;188.28;188.25;188.25;178.77;188.25;167.12;188.71;193.09;188.25;-;188.25;188.25;188.25
Aug 18, 2026 10:45 PM;Aug 18, 2026 11:00 PM;182.06;179.53;182.06;182.06;182.08;182.06;182.06;177.14;182.06;149.90;180.28;193.09;182.06;-;182.06;182.06;182.06
Aug 18, 2026 11:00 PM;Aug 18, 2026 11:15 PM;191.52;183.64;191.52;191.52;191.55;191.52;191.52;173.58;191.52;133.28;192.46;180.00;191.52;-;191.52;191.52;191.52
Aug 18, 2026 11:15 PM;Aug 18, 2026 11:30 PM;177.90;175.33;177.90;177.90;177.91;177.90;177.90;172.75;177.90;154.16;176.45;180.00;177.90;-;177.90;177.90;177.90
Aug 18, 2026 11:30 PM;Aug 18, 2026 11:45 PM;174.25;172.87;174.25;174.25;174.26;174.25;174.25;168.00;174.25;163.38;170.45;180.00;174.25;-;174.25;174.25;174.25
Aug 18, 2026 11:45 PM;Aug 19, 2026 12:00 AM;164.90;166.00;164.90;164.90;164.91;164.90;164.90;161.56;164.90;164.90;165.18;180.00;164.90;-;166.33;164.90;164.90
Aug 19, 2026 12:00 AM;Aug 19, 2026 12:15 AM;192.00;184.18;192.00;192.00;192.01;192.00;192.00;172.85;192.00;156.97;182.48;169.68;192.00;-;192.00;192.00;192.00
Aug 19, 2026 12:15 AM;Aug 19, 2026 12:30 AM;179.12;175.04;179.12;179.12;179.13;179.12;179.12;173.65;179.12;149.25;179.00;169.68;179.12;-;189.00;179.12;179.12
Aug 19, 2026 12:30 AM;Aug 19, 2026 12:45 AM;174.36;171.26;174.36;174.36;174.37;174.36;174.36;170.06;174.36;148.99;174.55;169.68;174.36;-;177.00;174.36;174.36
Aug 19, 2026 12:45 AM;Aug 19, 2026 1:00 AM;160.92;161.40;160.92;160.92;160.93;160.92;160.92;157.27;160.92;160.92;161.07;169.68;160.92;-;162.00;160.92;160.92
Aug 19, 2026 1:00 AM;Aug 19, 2026 1:15 AM;163.46;161.48;163.46;163.46;163.46;163.46;163.46;157.76;163.46;156.00;162.74;155.59;163.46;-;163.55;163.46;163.46
Aug 19, 2026 1:15 AM;Aug 19, 2026 1:30 AM;157.81;157.18;157.81;157.81;157.82;157.81;157.81;153.13;157.81;157.81;157.78;155.59;157.81;-;165.00;157.81;157.81
Aug 19, 2026 1:30 AM;Aug 19, 2026 1:45 AM;156.13;155.56;156.13;156.13;156.14;156.13;156.13;151.50;156.13;156.13;155.06;155.59;156.13;-;172.00;156.13;156.13
Aug 19, 2026 1:45 AM;Aug 19, 2026 2:00 AM;153.00;152.75;153.00;153.00;153.01;153.00;153.00;148.48;153.00;153.00;152.17;155.59;153.00;-;180.07;153.00;153.00
Aug 19, 2026 2:00 AM;Aug 19, 2026 2:15 AM;156.88;155.75;156.88;156.88;156.89;156.88;156.88;152.24;156.88;156.88;155.82;150.10;156.88;-;156.88;156.88;156.88
Aug 19, 2026 2:15 AM;Aug 19, 2026 2:30 AM;151.89;151.24;151.89;151.89;151.90;151.89;151.89;147.29;151.89;151.89;151.14;150.10;151.89;-;180.08;151.89;151.89
Aug 19, 2026 2:30 AM;Aug 19, 2026 2:45 AM;150.39;149.87;150.39;150.39;150.40;150.39;150.39;145.87;150.39;150.39;149.47;150.10;150.39;-;163.67;150.39;150.39
Aug 19, 2026 2:45 AM;Aug 19, 2026 3:00 AM;146.49;146.35;146.49;146.49;146.49;146.49;146.49;142.05;146.49;146.49;145.74;150.10;146.49;-;169.17;146.49;146.49
Aug 19, 2026 3:00 AM;Aug 19, 2026 3:15 AM;147.52;147.12;147.52;147.52;147.53;147.52;147.52;143.09;147.52;147.52;146.76;148.31;147.52;-;178.34;147.52;147.52
Aug 19, 2026 3:15 AM;Aug 19, 2026 3:30 AM;147.94;147.58;147.94;147.94;147.94;147.94;147.94;143.40;147.94;147.94;148.14;148.31;147.94;-;180.00;147.94;147.94
Aug 19, 2026 3:30 AM;Aug 19, 2026 3:45 AM;146.48;146.16;146.48;146.48;146.49;146.48;146.48;142.03;146.48;146.48;145.59;148.31;146.48;-;148.68;146.48;146.48
Aug 19, 2026 3:45 AM;Aug 19, 2026 4:00 AM;147.26;146.97;147.26;147.26;147.27;147.26;147.26;142.77;147.26;147.26;147.45;148.31;147.26;-;153.34;147.26;147.26
Aug 19, 2026 4:00 AM;Aug 19, 2026 4:15 AM;148.07;147.60;148.07;148.07;148.08;148.07;148.07;143.59;148.07;148.07;147.04;148.39;148.07;-;180.00;148.07;148.07
Aug 19, 2026 4:15 AM;Aug 19, 2026 4:30 AM;148.82;148.28;148.82;148.82;148.82;148.82;148.82;144.33;148.82;148.82;147.81;148.39;148.82;-;172.59;148.82;148.82
Aug 19, 2026 4:30 AM;Aug 19, 2026 4:45 AM;150.00;149.38;150.00;150.00;150.01;150.00;150.00;145.57;150.00;150.00;149.20;148.39;150.00;-;150.00;150.00;150.00
Aug 19, 2026 4:45 AM;Aug 19, 2026 5:00 AM;149.09;148.56;149.09;149.09;149.09;149.09;149.09;144.69;149.09;149.09;148.39;148.39;149.09;-;149.09;149.09;149.09
Aug 19, 2026 5:00 AM;Aug 19, 2026 5:15 AM;155.03;153.75;155.03;155.03;155.04;155.03;155.03;150.46;155.03;145.75;155.19;154.64;155.03;-;155.03;155.03;155.03
Aug 19, 2026 5:15 AM;Aug 19, 2026 5:30 AM;155.34;154.14;155.37;155.33;155.32;155.39;155.35;150.83;155.60;147.00;155.43;154.64;155.23;-;155.60;155.76;155.99
Aug 19, 2026 5:30 AM;Aug 19, 2026 5:45 AM;161.45;159.74;161.67;161.30;161.31;162.18;161.44;156.71;168.77;145.23;161.44;154.64;162.46;-;170.93;168.77;170.92
Aug 19, 2026 5:45 AM;Aug 19, 2026 6:00 AM;174.84;168.54;174.88;174.80;174.83;175.00;174.82;170.25;176.64;129.57;173.29;154.64;175.19;-;176.54;176.54;177.01
Aug 19, 2026 6:00 AM;Aug 19, 2026 6:15 AM;173.09;170.97;173.36;172.98;172.82;173.67;173.20;160.96;178.70;149.92;170.77;180.70;173.57;-;178.70;178.93;180.74
Aug 19, 2026 6:15 AM;Aug 19, 2026 6:30 AM;184.71;181.85;184.72;184.72;184.77;184.76;184.71;170.17;186.25;169.20;185.17;180.70;185.18;-;184.76;185.72;185.64
Aug 19, 2026 6:30 AM;Aug 19, 2026 6:45 AM;188.92;184.87;188.92;188.92;188.94;188.92;188.92;171.52;188.92;173.00;185.91;180.70;188.92;-;188.92;188.92;188.92
Aug 19, 2026 6:45 AM;Aug 19, 2026 7:00 AM;192.23;187.32;192.23;192.23;190.20;192.23;192.23;172.40;192.23;174.20;189.63;180.70;192.23;-;192.23;192.23;192.23
Aug 19, 2026 7:00 AM;Aug 19, 2026 7:15 AM;197.00;194.51;197.00;197.00;199.08;197.00;197.00;174.78;197.00;197.00;199.71;187.00;197.00;-;197.00;197.00;197.00
Aug 19, 2026 7:15 AM;Aug 19, 2026 7:30 AM;192.85;190.55;192.85;192.85;192.87;192.85;192.85;175.40;192.85;190.31;193.39;187.00;192.85;-;192.85;192.85;192.85
Aug 19, 2026 7:30 AM;Aug 19, 2026 7:45 AM;191.72;186.92;191.72;191.72;191.74;191.72;191.72;176.15;191.72;158.73;192.22;187.00;191.72;-;191.72;191.72;191.72
Aug 19, 2026 7:45 AM;Aug 19, 2026 8:00 AM;188.95;183.44;188.95;188.95;188.96;188.95;188.95;177.05;188.95;144.37;186.80;187.00;188.95;-;188.95;188.95;188.95
Aug 19, 2026 8:00 AM;Aug 19, 2026 8:15 AM;202.00;195.39;202.00;202.00;202.01;202.00;202.00;196.44;202.00;156.39;202.47;180.00;202.00;-;202.00;202.00;202.00
Aug 19, 2026 8:15 AM;Aug 19, 2026 8:30 AM;194.13;186.88;194.13;194.13;194.14;194.13;194.13;188.55;194.13;135.31;192.86;180.00;194.13;-;194.13;194.13;194.13
Aug 19, 2026 8:30 AM;Aug 19, 2026 8:45 AM;186.99;179.87;186.99;186.99;187.00;186.99;186.99;181.51;186.99;122.15;185.95;180.00;186.99;-;186.99;186.99;186.99
Aug 19, 2026 8:45 AM;Aug 19, 2026 9:00 AM;180.34;173.10;180.34;180.34;180.34;180.34;180.34;175.14;180.34;116.67;169.96;180.00;180.34;-;180.34;180.34;180.34
Aug 19, 2026 9:00 AM;Aug 19, 2026 9:15 AM;200.00;186.12;200.00;200.00;200.01;200.00;200.00;181.93;200.00;111.06;196.35;157.93;200.00;-;200.00;200.00;200.00
Aug 19, 2026 9:15 AM;Aug 19, 2026 9:30 AM;179.92;169.89;179.92;179.92;179.92;179.92;179.92;173.10;179.92;111.06;167.21;157.93;179.92;-;179.92;179.92;179.92
Aug 19, 2026 9:30 AM;Aug 19, 2026 9:45 AM;155.00;152.58;155.00;155.00;155.00;155.00;155.00;161.53;155.00;118.91;154.99;157.93;155.00;-;155.00;155.00;155.00
Aug 19, 2026 9:45 AM;Aug 19, 2026 10:00 AM;143.78;145.13;143.78;143.78;146.41;143.78;143.78;151.39;143.78;131.87;146.13;157.93;143.78;-;143.78;143.78;143.78
Aug 19, 2026 10:00 AM;Aug 19, 2026 10:15 AM;163.00;157.30;163.00;163.00;160.36;163.00;163.00;167.95;163.00;119.90;155.81;148.30;163.00;-;163.00;163.00;163.00
Aug 19, 2026 10:15 AM;Aug 19, 2026 10:30 AM;154.90;154.39;154.90;154.90;154.90;154.90;154.90;160.48;154.90;154.90;150.32;148.30;154.90;-;160.34;154.90;154.90
Aug 19, 2026 10:30 AM;Aug 19, 2026 10:45 AM;146.43;147.02;146.43;146.43;146.43;146.43;146.43;153.14;146.43;146.43;144.35;148.30;146.43;-;146.47;146.43;146.43
Aug 19, 2026 10:45 AM;Aug 19, 2026 11:00 AM;146.34;146.74;150.06;146.71;146.41;141.31;148.65;152.61;145.35;145.85;143.11;148.30;145.73;-;145.27;145.27;145.51
Aug 19, 2026 11:00 AM;Aug 19, 2026 11:15 AM;145.69;145.21;145.69;145.69;145.69;145.69;145.69;151.55;145.69;145.69;142.12;138.13;145.69;-;147.33;145.69;145.69
Aug 19, 2026 11:15 AM;Aug 19, 2026 11:30 AM;146.02;145.43;146.02;146.02;146.02;146.02;146.02;151.50;146.02;146.02;141.98;138.13;146.02;-;146.02;146.02;146.02
Aug 19, 2026 11:30 AM;Aug 19, 2026 11:45 AM;142.13;142.11;142.13;142.13;142.13;142.13;142.13;148.10;142.13;142.13;139.89;138.13;142.13;-;142.13;142.13;142.13
Aug 19, 2026 11:45 AM;Aug 19, 2026 12:00 PM;138.00;138.33;138.00;138.00;138.00;138.00;138.00;142.79;138.00;138.00;136.74;138.13;138.00;-;138.60;138.00;138.00
Aug 19, 2026 12:00 PM;Aug 19, 2026 12:15 PM;143.44;142.85;143.44;143.44;143.33;143.44;143.44;151.91;143.44;143.44;142.08;129.97;143.44;-;143.44;143.44;143.44
Aug 19, 2026 12:15 PM;Aug 19, 2026 12:30 PM;135.42;135.56;135.42;135.42;135.53;135.42;135.42;142.18;135.42;135.42;135.50;129.97;135.42;-;135.42;135.42;135.42
Aug 19, 2026 12:30 PM;Aug 19, 2026 12:45 PM;134.60;134.78;134.60;134.60;134.60;134.60;134.60;141.18;134.60;134.60;134.58;129.97;134.60;-;134.60;134.60;134.60
Aug 19, 2026 12:45 PM;Aug 19, 2026 1:00 PM;130.87;131.55;130.87;130.87;130.95;130.87;130.87;139.16;130.87;130.87;130.93;129.97;130.87;-;130.87;130.87;130.87
Aug 19, 2026 1:00 PM;Aug 19, 2026 1:15 PM;133.20;133.00;133.20;133.20;133.12;133.20;133.20;139.39;133.20;133.20;133.10;125.00;133.20;-;135.00;133.20;133.20
Aug 19, 2026 1:15 PM;Aug 19, 2026 1:30 PM;129.43;129.88;130.49;129.80;129.46;128.04;130.10;138.73;129.16;129.30;129.36;125.00;129.27;-;135.25;129.14;129.21
Aug 19, 2026 1:30 PM;Aug 19, 2026 1:45 PM;126.39;127.29;136.70;129.00;126.68;112.83;132.91;136.77;123.76;125.10;126.66;125.00;124.79;-;125.00;123.54;124.21
Aug 19, 2026 1:45 PM;Aug 19, 2026 2:00 PM;123.80;124.70;125.82;124.01;123.85;121.14;125.08;132.71;123.28;123.54;123.84;125.00;123.48;-;131.75;123.24;123.37
Aug 19, 2026 2:00 PM;Aug 19, 2026 2:15 PM;128.08;128.81;129.55;128.24;128.12;126.14;129.01;134.97;127.71;127.90;127.95;129.41;127.86;-;130.67;127.68;127.77
Aug 19, 2026 2:15 PM;Aug 19, 2026 2:30 PM;129.28;129.80;130.26;129.39;129.31;127.99;129.90;134.96;129.03;129.16;129.21;129.41;129.13;-;133.00;129.01;129.08
Aug 19, 2026 2:30 PM;Aug 19, 2026 2:45 PM;126.80;127.76;127.69;126.90;126.77;125.64;127.36;134.93;126.58;126.69;126.76;129.41;126.67;-;136.87;126.56;126.62
Aug 19, 2026 2:45 PM;Aug 19, 2026 3:00 PM;126.93;127.89;126.93;126.93;126.98;126.93;126.93;134.95;126.93;126.93;126.97;129.41;126.93;-;138.60;126.93;126.93
Aug 19, 2026 3:00 PM;Aug 19, 2026 3:15 PM;125.48;126.78;128.49;125.71;125.48;123.15;126.49;133.55;124.92;125.21;125.47;130.99;125.14;-;142.56;124.88;125.02
Aug 19, 2026 3:15 PM;Aug 19, 2026 3:30 PM;129.36;130.02;129.36;129.36;129.42;129.36;129.36;134.90;129.36;129.36;129.41;130.99;129.36;-;147.33;129.36;129.36
Aug 19, 2026 3:30 PM;Aug 19, 2026 3:45 PM;132.95;133.35;133.91;133.02;132.97;132.20;133.27;139.12;132.77;132.86;132.95;130.99;132.84;-;155.46;132.75;132.80
Aug 19, 2026 3:45 PM;Aug 19, 2026 4:00 PM;136.24;136.38;136.24;136.24;136.24;136.24;136.24;143.02;136.24;136.24;136.22;130.99;136.24;-;157.25;136.24;136.24
Aug 19, 2026 4:00 PM;Aug 19, 2026 4:15 PM;130.00;132.08;130.00;130.00;130.07;130.00;130.00;136.57;130.00;130.00;130.05;146.19;130.00;-;147.54;130.00;130.00
Aug 19, 2026 4:15 PM;Aug 19, 2026 4:30 PM;135.00;136.48;135.00;135.00;134.93;135.00;135.00;140.20;135.00;135.00;134.91;146.19;135.00;-;149.00;135.00;135.00
Aug 19, 2026 4:30 PM;Aug 19, 2026 4:45 PM;140.56;143.31;144.12;140.95;141.01;138.43;141.77;150.18;146.88;142.77;140.98;146.19;143.14;-;178.18;144.96;144.82
Aug 19, 2026 4:45 PM;Aug 19, 2026 5:00 PM;147.71;150.70;152.31;148.33;148.51;145.50;149.29;153.19;159.99;152.68;148.45;146.19;153.29;-;183.80;159.99;157.66
Aug 19, 2026 5:00 PM;Aug 19, 2026 5:15 PM;138.08;140.79;138.08;138.08;138.18;138.08;138.08;142.70;138.08;138.08;138.16;163.10;138.08;-;147.33;138.08;138.08
Aug 19, 2026 5:15 PM;Aug 19, 2026 5:30 PM;146.02;150.22;146.59;146.27;146.58;146.59;146.34;151.08;153.46;155.41;146.53;163.10;150.47;-;153.46;153.88;153.88
Aug 19, 2026 5:30 PM;Aug 19, 2026 5:45 PM;156.97;161.63;157.73;157.14;157.25;158.34;157.44;160.37;170.37;173.85;157.20;163.10;165.19;-;168.09;171.28;171.28
Aug 19, 2026 5:45 PM;Aug 19, 2026 6:00 PM;173.50;176.05;174.34;173.78;174.10;175.00;174.04;168.33;186.96;191.00;174.23;163.10;181.66;-;175.00;189.57;189.57
Aug 19, 2026 6:00 PM;Aug 19, 2026 6:15 PM;164.67;168.10;164.99;164.70;164.78;165.59;164.78;166.35;174.92;166.96;164.79;183.99;167.25;-;174.92;181.12;183.15
Aug 19, 2026 6:15 PM;Aug 19, 2026 6:30 PM;180.00;181.09;180.48;179.91;179.79;181.14;180.19;173.29;191.86;180.23;179.95;183.99;181.11;-;181.14;193.63;203.88
Aug 19, 2026 6:30 PM;Aug 19, 2026 6:45 PM;192.00;191.13;192.19;192.01;192.07;192.54;192.06;180.29;198.04;193.35;192.35;183.99;193.52;-;195.11;201.70;202.89
Aug 19, 2026 6:45 PM;Aug 19, 2026 7:00 PM;198.27;198.27;198.71;198.30;197.54;199.58;198.40;185.57;214.92;203.10;197.82;183.99;203.04;-;214.92;221.68;223.34
Aug 19, 2026 7:00 PM;Aug 19, 2026 7:15 PM;187.42;191.17;187.69;187.79;191.24;188.48;187.50;181.92;190.72;195.07;191.43;207.99;193.01;-;190.72;232.53;207.00
Aug 19, 2026 7:15 PM;Aug 19, 2026 7:30 PM;205.02;203.45;205.04;205.05;203.11;205.08;205.03;187.77;204.79;205.42;203.46;207.99;205.26;-;208.00;208.00;206.13
Aug 19, 2026 7:30 PM;Aug 19, 2026 7:45 PM;215.99;212.51;215.99;215.99;216.02;215.99;215.99;184.98;215.99;215.99;216.70;207.99;215.99;-;215.99;215.99;215.99
Aug 19, 2026 7:45 PM;Aug 19, 2026 8:00 PM;221.78;216.70;221.78;221.78;221.81;221.78;221.78;183.77;221.78;221.78;217.69;207.99;221.78;-;221.78;221.78;221.78
Aug 19, 2026 8:00 PM;Aug 19, 2026 8:15 PM;199.57;199.74;199.89;199.36;199.08;200.28;199.69;193.23;201.32;196.98;199.25;210.00;198.06;-;211.71;206.67;218.11
Aug 19, 2026 8:15 PM;Aug 19, 2026 8:30 PM;208.87;207.13;208.91;208.84;208.83;208.95;208.88;188.47;209.07;208.57;209.27;210.00;208.69;-;212.50;209.69;211.02
Aug 19, 2026 8:30 PM;Aug 19, 2026 8:45 PM;212.60;209.84;212.60;212.60;212.62;212.60;212.60;186.52;212.60;212.60;210.93;210.00;212.60;-;216.74;212.60;212.60
Aug 19, 2026 8:45 PM;Aug 19, 2026 9:00 PM;216.74;213.12;216.74;216.74;216.76;216.74;216.74;187.01;216.74;216.74;213.40;210.00;216.74;-;216.74;216.74;216.74
Aug 19, 2026 9:00 PM;Aug 19, 2026 9:15 PM;212.86;209.67;212.86;212.86;212.88;212.86;212.86;188.34;212.86;212.86;210.79;204.39;212.86;-;212.86;212.86;212.86
Aug 19, 2026 9:15 PM;Aug 19, 2026 9:30 PM;211.10;208.11;211.10;211.10;211.12;211.10;211.10;186.95;211.10;211.10;209.10;204.39;211.10;-;211.10;211.10;211.10
Aug 19, 2026 9:30 PM;Aug 19, 2026 9:45 PM;203.54;201.63;203.54;203.54;203.55;203.54;203.54;186.35;203.54;200.24;202.12;204.39;203.54;-;203.54;203.54;203.54
Aug 19, 2026 9:45 PM;Aug 19, 2026 10:00 PM;196.99;193.11;196.99;196.99;197.00;196.99;196.99;183.72;196.99;162.38;194.73;204.39;196.99;-;196.99;196.99;196.99
Aug 19, 2026 10:00 PM;Aug 19, 2026 10:15 PM;206.89;198.80;206.89;206.89;206.90;206.89;206.89;200.51;206.89;141.13;206.01;190.90;206.89;-;206.89;206.89;206.89
Aug 19, 2026 10:15 PM;Aug 19, 2026 10:30 PM;201.18;193.13;201.18;201.18;201.18;201.18;201.18;190.92;201.18;144.37;190.03;190.90;201.18;-;201.18;201.18;201.18
Aug 19, 2026 10:30 PM;Aug 19, 2026 10:45 PM;198.00;192.56;198.00;198.00;198.00;198.00;198.00;182.51;198.00;172.02;186.74;190.90;198.00;-;198.00;198.00;198.00
Aug 19, 2026 10:45 PM;Aug 19, 2026 11:00 PM;190.32;189.16;190.32;190.32;190.32;190.32;190.32;179.70;190.32;190.32;187.59;190.90;190.32;-;190.32;190.32;190.32
Aug 19, 2026 11:00 PM;Aug 19, 2026 11:15 PM;196.00;189.57;196.00;196.00;196.00;196.00;196.00;176.12;196.00;196.00;161.11;180.00;196.00;-;196.00;196.00;196.00
Aug 19, 2026 11:15 PM;Aug 19, 2026 11:30 PM;190.10;185.79;190.10;190.10;190.10;190.10;190.10;174.59;190.10;190.10;168.29;180.00;190.10;-;190.10;190.10;190.10
Aug 19, 2026 11:30 PM;Aug 19, 2026 11:45 PM;185.00;182.18;185.00;185.00;185.00;185.00;185.00;173.61;185.00;185.00;170.37;180.00;185.00;-;185.00;185.00;185.00
Aug 19, 2026 11:45 PM;Aug 20, 2026 12:00 AM;175.09;174.79;175.09;175.09;175.09;175.09;175.09;170.14;175.09;175.09;171.80;180.00;175.09;-;175.09;175.09;175.09
Aug 20, 2026 12:00 AM;Aug 20, 2026 12:15 AM;185.00;181.99;185.00;185.00;185.00;185.00;185.00;178.85;185.00;181.72;167.98;178.39;185.00;-;185.00;185.00;185.00
Aug 20, 2026 12:15 AM;Aug 20, 2026 12:30 AM;178.23;176.79;178.23;178.23;178.23;178.23;178.23;172.52;178.23;167.65;178.50;178.39;178.23;-;178.23;178.23;178.23
Aug 20, 2026 12:30 AM;Aug 20, 2026 12:45 AM;168.62;167.84;168.62;168.62;168.63;168.62;168.62;163.32;168.62;155.30;168.86;178.39;168.62;-;168.62;168.62;168.62
Aug 20, 2026 12:45 AM;Aug 20, 2026 1:00 AM;159.00;160.49;159.00;159.00;159.01;159.00;159.00;155.79;159.00;159.00;159.25;178.39;159.00;-;159.00;159.00;159.00
Aug 20, 2026 1:00 AM;Aug 20, 2026 1:15 AM;166.11;165.31;166.11;166.11;166.12;166.11;166.11;160.22;166.11;166.11;164.29;165.05;166.11;-;166.11;166.11;166.11
Aug 20, 2026 1:15 AM;Aug 20, 2026 1:30 AM;162.91;162.57;162.91;162.91;162.91;162.91;162.91;157.95;162.91;162.91;161.97;165.05;162.91;-;162.91;162.91;162.91
Aug 20, 2026 1:30 AM;Aug 20, 2026 1:45 AM;162.11;161.84;162.11;162.11;162.12;162.11;162.11;157.16;162.11;162.11;161.15;165.05;162.11;-;162.11;162.11;162.11
Aug 20, 2026 1:45 AM;Aug 20, 2026 2:00 AM;158.27;158.35;158.27;158.27;158.28;158.27;158.27;153.36;158.27;158.27;157.29;165.05;158.27;-;158.27;158.27;158.27
Aug 20, 2026 2:00 AM;Aug 20, 2026 2:15 AM;158.91;157.78;158.91;158.91;158.91;158.91;158.91;154.18;158.91;158.91;153.06;157.10;158.91;-;158.91;158.91;158.91
Aug 20, 2026 2:15 AM;Aug 20, 2026 2:30 AM;154.99;154.68;154.99;154.99;155.00;154.99;154.99;150.27;154.99;154.99;154.18;157.10;154.99;-;157.70;154.99;154.99
Aug 20, 2026 2:30 AM;Aug 20, 2026 2:45 AM;151.50;151.50;151.50;151.50;151.51;151.50;151.50;146.77;151.50;151.50;150.58;157.10;151.50;-;160.62;151.50;151.50
Aug 20, 2026 2:45 AM;Aug 20, 2026 3:00 AM;149.53;149.71;149.53;149.53;149.53;149.53;149.53;144.82;149.53;149.53;148.60;157.10;149.53;-;156.09;149.53;149.53
Aug 20, 2026 3:00 AM;Aug 20, 2026 3:15 AM;149.15;148.68;149.18;149.14;149.13;149.20;149.17;144.57;149.34;148.98;143.72;154.00;149.05;-;165.71;149.66;150.41
Aug 20, 2026 3:15 AM;Aug 20, 2026 3:30 AM;146.95;147.12;146.96;146.95;146.95;146.97;146.96;142.79;147.00;146.91;145.95;154.00;146.93;-;157.71;147.08;147.27
Aug 20, 2026 3:30 AM;Aug 20, 2026 3:45 AM;148.89;148.86;148.89;148.89;148.89;148.89;148.89;144.26;148.89;148.89;148.03;154.00;148.89;-;170.30;148.89;148.89
Aug 20, 2026 3:45 AM;Aug 20, 2026 4:00 AM;146.97;147.14;146.97;146.97;146.97;146.97;146.97;142.69;146.97;146.97;146.06;154.00;146.97;-;170.00;146.97;146.97
Aug 20, 2026 4:00 AM;Aug 20, 2026 4:15 AM;145.90;145.81;145.90;145.90;145.90;145.90;145.90;141.66;145.90;145.90;140.12;154.94;145.90;-;168.63;145.90;145.90
Aug 20, 2026 4:15 AM;Aug 20, 2026 4:30 AM;146.91;147.01;146.50;146.87;146.92;145.20;146.71;142.64;147.11;147.01;146.15;154.94;147.03;-;160.09;147.14;147.08
Aug 20, 2026 4:30 AM;Aug 20, 2026 4:45 AM;149.56;149.56;149.56;149.56;149.57;149.56;149.56;144.95;149.56;149.56;148.73;154.94;149.56;-;169.52;149.56;149.56
Aug 20, 2026 4:45 AM;Aug 20, 2026 5:00 AM;151.60;151.42;151.60;151.60;151.61;151.60;151.60;146.99;151.60;151.60;150.83;154.94;151.60;-;165.32;151.60;151.60
Aug 20, 2026 5:00 AM;Aug 20, 2026 5:15 AM;148.71;149.99;148.12;148.62;148.87;146.35;148.34;144.02;153.72;150.51;149.06;161.34;150.92;-;163.18;152.44;152.13
Aug 20, 2026 5:15 AM;Aug 20, 2026 5:30 AM;154.65;154.80;154.07;154.56;154.80;152.34;154.28;149.96;159.55;150.10;154.95;161.34;156.81;-;158.60;158.30;158.00
Aug 20, 2026 5:30 AM;Aug 20, 2026 5:45 AM;162.13;159.60;162.13;162.13;162.14;162.13;162.13;158.44;162.13;139.30;161.55;161.34;162.13;-;162.13;162.13;162.13
Aug 20, 2026 5:45 AM;Aug 20, 2026 6:00 AM;172.71;165.99;170.79;172.43;170.96;164.96;171.55;166.59;185.12;117.26;166.72;161.34;178.21;-;182.05;182.05;181.22
Aug 20, 2026 6:00 AM;Aug 20, 2026 6:15 AM;171.64;169.78;158.10;170.93;173.80;164.96;160.00;165.79;188.82;151.48;174.05;182.42;177.21;-;209.84;183.74;183.06
Aug 20, 2026 6:15 AM;Aug 20, 2026 6:30 AM;183.99;178.04;166.87;183.87;184.10;165.40;174.68;171.27;192.03;176.36;175.14;182.42;186.26;-;194.09;188.73;189.12
Aug 20, 2026 6:30 AM;Aug 20, 2026 6:45 AM;188.22;183.39;180.71;188.28;188.17;177.00;184.39;177.99;187.00;187.63;176.18;182.42;187.49;-;207.20;186.65;187.22
Aug 20, 2026 6:45 AM;Aug 20, 2026 7:00 AM;187.35;185.77;186.46;187.37;187.34;185.29;187.13;180.98;186.93;187.17;185.23;182.42;187.15;-;211.01;186.92;187.03
Aug 20, 2026 7:00 AM;Aug 20, 2026 7:15 AM;195.14;189.60;182.22;194.98;194.98;181.00;187.86;184.44;192.51;194.07;189.69;189.90;193.93;-;203.41;192.42;193.18
Aug 20, 2026 7:15 AM;Aug 20, 2026 7:30 AM;188.66;187.83;187.40;188.64;188.65;187.28;187.95;183.13;188.40;188.55;187.65;189.90;188.54;-;188.40;188.39;188.47
Aug 20, 2026 7:30 AM;Aug 20, 2026 7:45 AM;185.68;185.49;185.68;185.68;185.68;185.68;185.68;180.20;185.68;185.68;184.85;189.90;185.68;-;193.04;185.68;185.68
Aug 20, 2026 7:45 AM;Aug 20, 2026 8:00 AM;176.25;176.24;176.25;176.25;176.25;176.25;176.25;171.02;176.25;172.27;171.73;189.90;176.25;-;195.15;176.25;176.25
Aug 20, 2026 8:00 AM;Aug 20, 2026 8:15 AM;188.96;187.28;188.96;188.96;188.96;188.96;188.96;183.40;188.96;185.12;186.33;182.46;188.96;-;188.96;188.96;188.96
Aug 20, 2026 8:15 AM;Aug 20, 2026 8:30 AM;177.63;176.57;177.63;177.63;177.63;177.63;177.63;171.30;177.63;172.27;172.87;182.46;177.63;-;177.63;177.63;177.63
Aug 20, 2026 8:30 AM;Aug 20, 2026 8:45 AM;165.00;163.49;165.00;165.00;165.00;165.00;165.00;160.91;165.00;135.32;164.74;182.46;165.00;-;175.49;165.00;165.00
Aug 20, 2026 8:45 AM;Aug 20, 2026 9:00 AM;155.40;153.98;155.40;155.40;155.40;155.40;155.40;154.96;155.40;113.15;155.39;182.46;155.40;-;167.90;155.40;155.40
Aug 20, 2026 9:00 AM;Aug 20, 2026 9:15 AM;170.00;162.46;170.00;170.00;170.00;170.00;170.00;164.78;170.00;105.29;165.81;161.17;170.00;-;170.00;170.00;170.00
Aug 20, 2026 9:15 AM;Aug 20, 2026 9:30 AM;165.11;157.76;165.11;165.11;165.11;165.11;165.11;160.24;165.11;104.39;153.82;161.17;165.11;-;168.08;165.11;165.11
Aug 20, 2026 9:30 AM;Aug 20, 2026 9:45 AM;147.12;145.07;147.12;147.12;147.12;147.12;147.12;150.85;147.12;112.70;141.24;161.17;147.12;-;174.20;147.12;147.12
Aug 20, 2026 9:45 AM;Aug 20, 2026 10:00 AM;135.79;137.40;135.79;135.79;135.78;135.79;135.79;142.58;135.79;125.62;131.54;161.17;135.79;-;151.38;135.79;135.79
Aug 20, 2026 10:00 AM;Aug 20, 2026 10:15 AM;154.89;149.82;154.89;154.89;154.88;154.89;154.89;156.53;154.89;111.44;140.39;155.39;154.89;-;154.89;154.89;154.89
Aug 20, 2026 10:15 AM;Aug 20, 2026 10:30 AM;137.18;136.96;137.18;137.18;137.18;137.18;137.18;144.84;137.18;109.01;137.09;155.39;137.18;-;148.86;137.18;137.18
Aug 20, 2026 10:30 AM;Aug 20, 2026 10:45 AM;133.00;132.31;133.00;133.00;133.00;133.00;133.00;135.15;133.00;104.39;129.52;155.39;133.00;-;160.00;133.00;133.00
Aug 20, 2026 10:45 AM;Aug 20, 2026 11:00 AM;117.89;121.59;117.89;117.90;117.91;117.89;117.89;125.92;117.89;113.15;117.79;155.39;117.89;-;159.50;117.89;117.89
Aug 20, 2026 11:00 AM;Aug 20, 2026 11:15 AM;132.96;129.60;133.00;132.98;132.97;133.03;132.99;137.40;133.46;78.99;126.63;151.00;133.12;-;164.20;133.32;133.28
Aug 20, 2026 11:15 AM;Aug 20, 2026 11:30 AM;112.60;117.61;113.17;112.91;113.18;113.51;113.01;126.36;118.90;103.06;113.01;151.00;115.55;-;162.74;117.37;116.99
Aug 20, 2026 11:30 AM;Aug 20, 2026 11:45 AM;103.04;111.79;104.17;103.65;104.15;104.84;103.84;126.82;115.62;103.07;103.99;151.00;108.59;-;160.54;112.48;111.68
Aug 20, 2026 11:45 AM;Aug 20, 2026 12:00 PM;89.22;106.78;93.42;99.62;97.83;95.69;92.36;127.88;133.23;84.01;89.74;151.00;109.78;-;159.47;122.43;119.67
Aug 20, 2026 12:00 PM;Aug 20, 2026 12:15 PM;99.77;110.38;102.05;100.73;98.91;103.60;101.22;126.64;126.81;95.01;96.97;148.10;114.15;-;158.11;120.69;119.24
Aug 20, 2026 12:15 PM;Aug 20, 2026 12:30 PM;83.69;99.60;87.06;85.23;83.69;89.29;85.89;127.50;123.44;79.33;82.55;148.10;103.54;-;152.52;114.11;111.82
Aug 20, 2026 12:30 PM;Aug 20, 2026 12:45 PM;78.09;101.48;83.70;90.05;88.42;86.92;82.19;127.48;140.04;75.97;88.29;148.10;105.12;-;150.77;124.38;120.12
Aug 20, 2026 12:45 PM;Aug 20, 2026 1:00 PM;72.97;93.65;76.95;81.16;79.69;79.27;75.85;127.37;117.96;75.73;77.00;148.10;91.05;-;150.77;106.22;102.99
Aug 20, 2026 1:00 PM;Aug 20, 2026 1:15 PM;73.47;93.18;76.59;80.40;79.10;78.85;75.43;125.87;114.51;77.77;78.98;147.22;90.25;-;155.42;103.96;101.20
Aug 20, 2026 1:15 PM;Aug 20, 2026 1:30 PM;68.25;93.86;72.43;84.34;82.82;75.45;70.89;126.36;123.62;77.01;82.70;147.22;89.65;-;155.03;109.08;105.22
Aug 20, 2026 1:30 PM;Aug 20, 2026 1:45 PM;60.42;92.50;66.24;82.11;80.63;70.45;64.09;126.63;137.38;71.70;80.52;147.22;90.54;-;155.00;117.26;111.94
Aug 20, 2026 1:45 PM;Aug 20, 2026 2:00 PM;52.69;89.97;59.45;84.34;77.71;64.35;56.96;126.53;142.15;65.60;77.60;147.22;87.79;-;152.47;118.78;112.61
Aug 20, 2026 2:00 PM;Aug 20, 2026 2:15 PM;66.88;87.22;68.26;67.40;71.77;69.74;67.69;124.67;108.51;72.73;71.67;150.00;86.99;-;158.40;98.30;96.44
Aug 20, 2026 2:15 PM;Aug 20, 2026 2:30 PM;65.18;92.60;67.52;76.29;74.92;70.05;66.55;125.04;137.11;77.02;74.81;150.00;99.26;-;157.70;119.30;116.02
Aug 20, 2026 2:30 PM;Aug 20, 2026 2:45 PM;72.77;102.65;75.11;94.16;92.46;77.71;74.15;125.02;149.70;91.76;92.32;150.00;106.76;-;161.37;130.02;126.27
Aug 20, 2026 2:45 PM;Aug 20, 2026 3:00 PM;72.93;104.28;74.99;101.26;97.45;77.44;74.17;125.30;148.97;100.47;93.90;150.00;103.11;-;162.74;128.65;124.60
Aug 20, 2026 3:00 PM;Aug 20, 2026 3:15 PM;78.70;93.78;79.31;78.98;79.54;80.18;79.02;119.57;104.28;87.81;79.42;154.72;88.73;-;155.00;97.32;95.97
Aug 20, 2026 3:15 PM;Aug 20, 2026 3:30 PM;85.36;101.44;85.36;88.06;86.47;84.06;85.34;128.58;120.06;97.78;86.33;154.72;99.04;-;163.40;110.79;108.85
Aug 20, 2026 3:30 PM;Aug 20, 2026 3:45 PM;97.36;109.48;92.83;100.58;98.77;65.28;94.30;130.52;145.40;115.02;90.04;154.72;116.86;-;174.90;133.92;130.46
Aug 20, 2026 3:45 PM;Aug 20, 2026 4:00 PM;103.41;115.15;97.83;105.91;104.00;69.80;99.67;129.72;162.00;114.54;97.27;154.72;131.16;-;174.86;148.96;145.25
Aug 20, 2026 4:00 PM;Aug 20, 2026 4:15 PM;73.87;101.67;72.84;101.45;99.63;64.99;73.05;124.75;159.50;103.54;51.17;160.00;107.48;-;159.50;136.84;131.26
Aug 20, 2026 4:15 PM;Aug 20, 2026 4:30 PM;99.00;115.81;95.84;114.06;112.00;75.00;96.78;133.37;160.54;114.55;85.71;160.00;126.01;-;160.54;145.39;141.56
Aug 20, 2026 4:30 PM;Aug 20, 2026 4:45 PM;119.24;127.32;113.82;138.95;136.44;80.31;115.53;137.95;178.41;114.55;81.47;160.00;143.12;-;185.00;163.91;159.57
Aug 20, 2026 4:45 PM;Aug 20, 2026 5:00 PM;131.91;141.20;128.52;159.02;156.15;107.14;129.56;144.37;189.91;112.24;111.20;160.00;155.09;-;189.91;175.11;171.20
Aug 20, 2026 5:00 PM;Aug 20, 2026 5:15 PM;128.09;124.21;119.75;128.06;130.41;80.01;122.94;135.92;166.71;109.47;51.84;176.02;145.16;-;176.00;166.71;157.92
Aug 20, 2026 5:15 PM;Aug 20, 2026 5:30 PM;135.63;140.65;132.38;135.48;137.96;111.95;133.57;140.01;182.84;135.79;109.46;176.02;151.73;-;182.84;182.84;179.37
Aug 20, 2026 5:30 PM;Aug 20, 2026 5:45 PM;151.07;157.37;149.60;150.65;153.41;142.49;149.82;146.49;197.77;166.31;129.80;176.02;168.66;-;197.77;197.77;194.32
Aug 20, 2026 5:45 PM;Aug 20, 2026 6:00 PM;162.01;168.05;160.87;161.60;164.56;155.15;160.96;157.06;208.51;176.83;148.34;176.02;178.61;-;208.51;208.51;206.90
Aug 20, 2026 6:00 PM;Aug 20, 2026 6:15 PM;140.81;157.02;141.66;141.61;143.38;140.81;141.34;146.65;201.32;195.55;129.90;174.90;170.14;-;200.45;200.45;196.53
Aug 20, 2026 6:15 PM;Aug 20, 2026 6:30 PM;156.73;163.78;155.02;156.92;157.97;146.95;156.02;158.43;184.11;189.44;150.01;174.90;171.77;-;181.50;181.50;183.47
Aug 20, 2026 6:30 PM;Aug 20, 2026 6:45 PM;177.35;180.96;175.24;177.52;178.67;165.57;176.47;166.59;205.06;213.57;163.66;174.90;193.33;-;203.12;203.12;205.56
Aug 20, 2026 6:45 PM;Aug 20, 2026 7:00 PM;182.09;183.35;174.70;181.66;183.37;149.23;178.45;173.79;220.58;213.29;166.59;174.90;200.26;-;214.93;214.93;214.68
Aug 20, 2026 7:00 PM;Aug 20, 2026 7:15 PM;180.59;183.07;158.05;182.53;182.40;125.77;177.13;180.31;202.95;225.62;177.96;204.39;196.62;-;202.95;202.68;210.35
Aug 20, 2026 7:15 PM;Aug 20, 2026 7:30 PM;189.29;190.69;173.48;190.70;190.63;150.65;186.96;186.29;204.17;225.17;183.81;204.39;201.34;-;205.06;205.06;211.30
Aug 20, 2026 7:30 PM;Aug 20, 2026 7:45 PM;196.20;196.16;177.18;196.88;197.13;164.97;192.41;190.69;203.33;239.35;183.39;204.39;208.09;-;208.26;208.26;216.34
Aug 20, 2026 7:45 PM;Aug 20, 2026 8:00 PM;202.81;201.09;198.07;203.02;203.12;195.01;201.92;195.63;205.27;216.08;182.95;204.39;206.58;-;206.82;206.82;209.18
Aug 20, 2026 8:00 PM;Aug 20, 2026 8:15 PM;198.85;194.04;179.99;199.48;199.30;165.04;195.06;190.06;198.95;217.91;182.36;203.46;202.79;-;200.86;200.86;205.77
Aug 20, 2026 8:15 PM;Aug 20, 2026 8:30 PM;199.99;197.35;190.10;200.90;200.68;175.56;198.69;190.77;201.50;220.18;184.35;203.46;204.71;-;203.77;203.77;208.27
Aug 20, 2026 8:30 PM;Aug 20, 2026 8:45 PM;201.56;200.72;196.46;202.22;202.22;188.60;201.12;190.81;204.95;221.76;189.24;203.46;207.07;-;207.34;207.34;211.05
Aug 20, 2026 8:45 PM;Aug 20, 2026 9:00 PM;202.00;199.38;202.03;202.01;202.03;202.04;202.02;190.25;202.24;202.86;181.98;203.46;202.27;-;204.33;202.35;202.46
Aug 20, 2026 9:00 PM;Aug 20, 2026 9:15 PM;200.64;198.50;200.64;200.64;200.64;200.64;200.64;194.99;200.64;200.64;184.25;199.17;200.64;-;200.64;200.64;200.64
Aug 20, 2026 9:15 PM;Aug 20, 2026 9:30 PM;197.67;195.35;197.67;197.67;197.67;197.67;197.67;192.55;197.67;197.67;175.72;199.17;197.67;-;197.67;197.67;197.67
Aug 20, 2026 9:30 PM;Aug 20, 2026 9:45 PM;195.01;193.52;195.01;195.01;195.01;195.01;195.01;189.81;195.01;195.01;179.61;199.17;195.01;-;195.01;195.01;195.01
Aug 20, 2026 9:45 PM;Aug 20, 2026 10:00 PM;189.15;189.56;189.15;189.15;189.16;189.15;189.15;184.81;189.15;189.15;188.01;199.17;189.15;-;189.15;189.15;189.15
Aug 20, 2026 10:00 PM;Aug 20, 2026 10:15 PM;193.65;189.56;193.65;193.65;193.64;193.65;193.65;187.01;193.65;193.65;158.92;190.00;193.65;-;193.65;193.65;193.65
Aug 20, 2026 10:15 PM;Aug 20, 2026 10:30 PM;190.00;187.84;190.00;190.00;190.00;190.00;190.00;184.99;190.00;190.00;171.27;190.00;190.00;-;190.00;190.00;190.00
Aug 20, 2026 10:30 PM;Aug 20, 2026 10:45 PM;187.99;187.54;187.99;187.99;187.99;187.99;187.99;182.68;187.99;187.99;186.32;190.00;187.99;-;187.99;187.99;187.99
Aug 20, 2026 10:45 PM;Aug 20, 2026 11:00 PM;180.07;180.59;180.07;180.07;180.45;180.07;180.07;174.90;180.07;180.07;180.61;190.00;180.07;-;180.07;180.07;180.07
Aug 20, 2026 11:00 PM;Aug 20, 2026 11:15 PM;180.09;178.59;180.09;180.09;179.72;180.09;180.09;175.07;180.09;180.09;172.71;176.34;180.09;-;180.09;180.09;180.09
Aug 20, 2026 11:15 PM;Aug 20, 2026 11:30 PM;176.00;175.49;176.00;176.00;176.01;176.00;176.00;170.94;176.00;176.00;175.10;176.34;176.00;-;176.00;176.00;176.00
Aug 20, 2026 11:30 PM;Aug 20, 2026 11:45 PM;170.93;170.88;170.93;170.93;170.94;170.93;170.93;165.93;170.93;170.93;169.98;176.34;170.93;-;170.93;170.93;170.93
Aug 20, 2026 11:45 PM;Aug 21, 2026 12:00 AM;165.04;164.27;165.04;165.04;165.05;165.04;165.04;160.03;165.04;151.49;163.81;176.34;165.04;-;165.04;165.04;165.04
Aug 21, 2026 12:00 AM;Aug 21, 2026 12:15 AM;183.05;178.17;183.05;183.05;183.06;183.05;183.05;162.12;183.05;177.38;173.98;165.00;183.05;-;183.05;183.05;183.05
Aug 21, 2026 12:15 AM;Aug 21, 2026 12:30 AM;175.00;168.21;175.00;175.00;175.00;175.00;175.00;163.94;175.00;151.45;144.92;165.00;175.00;-;175.00;175.00;175.00
Aug 21, 2026 12:30 AM;Aug 21, 2026 12:45 AM;166.45;157.50;166.45;166.45;166.46;166.45;166.45;160.99;166.45;151.30;90.00;165.00;166.45;-;166.45;166.45;166.45
Aug 21, 2026 12:45 AM;Aug 21, 2026 1:00 AM;156.90;149.69;156.90;156.90;156.90;156.90;156.90;152.46;156.90;156.90;73.95;165.00;156.90;-;156.90;156.90;156.90
Aug 21, 2026 1:00 AM;Aug 21, 2026 1:15 AM;165.55;153.36;165.55;165.55;165.55;165.55;165.55;160.77;165.55;148.20;60.34;158.85;165.55;-;165.55;165.55;165.55
Aug 21, 2026 1:15 AM;Aug 21, 2026 1:30 AM;162.28;151.34;162.28;162.28;162.28;162.28;162.28;157.51;162.28;147.74;64.70;158.85;162.28;-;162.28;162.28;162.28
Aug 21, 2026 1:30 AM;Aug 21, 2026 1:45 AM;159.74;150.33;159.74;159.74;159.74;159.74;159.74;154.97;159.74;146.35;75.27;158.85;159.74;-;159.74;159.74;159.74
Aug 21, 2026 1:45 AM;Aug 21, 2026 2:00 AM;154.39;145.50;154.39;154.39;154.39;154.39;154.39;149.69;154.39;147.27;63.97;158.85;154.39;-;154.39;154.39;154.39
Aug 21, 2026 2:00 AM;Aug 21, 2026 2:15 AM;154.94;146.79;154.94;154.94;154.95;154.94;154.94;150.16;154.94;154.94;72.60;152.35;154.94;-;154.94;154.94;154.94
Aug 21, 2026 2:15 AM;Aug 21, 2026 2:30 AM;152.71;145.91;153.38;152.38;151.81;153.93;153.05;147.63;159.38;148.63;81.84;152.35;150.59;-;162.56;162.56;167.33
Aug 21, 2026 2:30 AM;Aug 21, 2026 2:45 AM;151.00;143.88;151.31;150.85;150.59;151.56;151.16;146.21;154.05;148.62;75.98;152.35;150.03;-;155.50;155.50;157.68
Aug 21, 2026 2:45 AM;Aug 21, 2026 3:00 AM;151.30;144.17;151.83;151.04;150.59;152.26;151.58;146.40;156.57;148.09;75.48;152.35;149.63;-;159.07;159.07;162.83
Aug 21, 2026 3:00 AM;Aug 21, 2026 3:15 AM;152.65;142.61;152.72;152.62;152.56;152.78;152.69;148.02;153.34;152.24;50.20;149.13;152.43;-;153.66;153.66;154.15
Aug 21, 2026 3:15 AM;Aug 21, 2026 3:30 AM;151.11;141.82;151.11;151.11;151.10;151.11;151.11;146.53;151.11;151.11;55.45;149.13;151.11;-;151.70;151.11;151.11
Aug 21, 2026 3:30 AM;Aug 21, 2026 3:45 AM;151.53;142.84;151.53;151.53;151.53;151.53;151.53;146.97;151.53;151.53;62.91;149.13;151.53;-;151.70;151.53;151.53
Aug 21, 2026 3:45 AM;Aug 21, 2026 4:00 AM;150.61;142.30;150.61;150.61;150.60;150.61;150.61;146.06;150.61;150.61;65.20;149.13;150.61;-;151.70;150.61;150.61
Aug 21, 2026 4:00 AM;Aug 21, 2026 4:15 AM;150.88;144.15;150.88;150.88;150.88;150.88;150.88;146.11;150.88;150.88;83.51;149.00;150.88;-;154.39;150.88;150.88
Aug 21, 2026 4:15 AM;Aug 21, 2026 4:30 AM;151.49;148.58;151.70;151.39;151.22;151.87;151.60;146.52;153.54;150.24;126.51;149.00;150.84;-;156.97;154.52;155.99
Aug 21, 2026 4:30 AM;Aug 21, 2026 4:45 AM;152.57;151.73;152.76;152.48;152.32;152.92;152.67;147.53;154.50;151.40;151.53;149.00;151.96;-;155.42;155.42;156.80
Aug 21, 2026 4:45 AM;Aug 21, 2026 5:00 AM;157.90;155.87;157.90;157.90;157.90;157.90;157.90;152.92;157.90;149.62;157.73;149.00;157.90;-;166.36;157.90;157.90
Aug 21, 2026 5:00 AM;Aug 21, 2026 5:15 AM;152.10;145.11;152.35;151.98;151.79;152.56;152.22;147.39;154.80;150.95;74.33;156.68;151.13;-;156.24;156.24;158.50
Aug 21, 2026 5:15 AM;Aug 21, 2026 5:30 AM;157.08;155.60;157.08;157.07;157.07;157.06;157.08;152.19;157.56;145.89;156.81;156.68;157.11;-;157.56;157.56;157.70
Aug 21, 2026 5:30 AM;Aug 21, 2026 5:45 AM;169.32;163.40;168.38;169.25;169.40;165.32;168.86;158.83;172.59;147.27;150.39;156.68;170.47;-;172.59;171.70;171.41
Aug 21, 2026 5:45 AM;Aug 21, 2026 6:00 AM;185.00;169.26;180.75;184.56;182.05;167.00;182.92;160.64;187.04;118.10;155.87;156.68;186.20;-;187.41;187.41;186.77
Aug 21, 2026 6:00 AM;Aug 21, 2026 6:15 AM;181.71;176.04;178.30;181.28;184.56;167.44;179.99;163.97;183.31;150.05;184.92;180.00;182.57;-;183.31;183.51;183.01
Aug 21, 2026 6:15 AM;Aug 21, 2026 6:30 AM;189.94;183.54;186.28;189.48;189.84;174.61;188.09;172.91;191.65;165.80;189.45;180.00;190.86;-;191.65;191.87;191.33
Aug 21, 2026 6:30 AM;Aug 21, 2026 6:45 AM;189.93;185.10;188.02;189.70;189.89;181.93;188.97;172.17;190.83;190.34;173.84;180.00;190.42;-;190.39;190.95;190.67
Aug 21, 2026 6:45 AM;Aug 21, 2026 7:00 AM;195.26;189.48;193.80;195.04;195.22;185.00;194.37;178.24;196.21;195.69;174.95;180.00;195.77;-;194.02;196.35;196.04
Aug 21, 2026 7:00 AM;Aug 21, 2026 7:15 AM;193.58;190.89;193.58;193.58;193.58;193.58;193.58;183.22;193.58;193.58;183.42;184.51;193.58;-;193.58;193.58;193.58
Aug 21, 2026 7:15 AM;Aug 21, 2026 7:30 AM;194.66;191.85;194.66;194.66;194.67;194.66;194.66;183.57;194.66;194.66;185.00;184.51;194.66;-;194.66;194.66;194.66
Aug 21, 2026 7:30 AM;Aug 21, 2026 7:45 AM;195.32;190.13;195.32;195.32;195.32;195.32;195.32;183.58;195.32;195.32;160.73;184.51;195.32;-;195.32;195.32;195.32
Aug 21, 2026 7:45 AM;Aug 21, 2026 8:00 AM;192.00;189.52;192.00;192.00;192.00;192.00;192.00;184.25;192.00;184.40;187.55;184.51;192.00;-;192.74;192.00;192.00
Aug 21, 2026 8:00 AM;Aug 21, 2026 8:15 AM;211.88;200.90;211.88;211.88;211.88;211.88;211.88;183.10;211.88;186.58;179.04;178.00;211.88;-;211.88;211.88;211.88
Aug 21, 2026 8:15 AM;Aug 21, 2026 8:30 AM;204.71;192.93;204.71;204.71;204.70;204.71;204.71;183.01;204.71;157.53;170.69;178.00;204.71;-;204.71;204.71;204.71
Aug 21, 2026 8:30 AM;Aug 21, 2026 8:45 AM;188.20;178.61;188.20;188.20;188.19;188.20;188.20;181.04;188.20;125.05;163.20;178.00;188.20;-;194.02;188.20;188.20
Aug 21, 2026 8:45 AM;Aug 21, 2026 9:00 AM;165.55;161.06;165.55;165.55;165.55;165.55;165.55;163.97;165.55;112.08;158.77;178.00;165.55;-;189.39;165.55;165.55
Aug 21, 2026 9:00 AM;Aug 21, 2026 9:15 AM;193.04;180.04;193.04;193.04;193.04;193.04;193.04;181.29;193.04;107.45;175.37;165.00;193.04;-;231.15;193.04;193.04
Aug 21, 2026 9:15 AM;Aug 21, 2026 9:30 AM;175.59;166.00;175.59;175.59;175.58;175.59;175.59;170.17;175.59;107.46;154.21;165.00;175.59;-;198.08;175.59;175.59
Aug 21, 2026 9:30 AM;Aug 21, 2026 9:45 AM;158.24;152.96;158.24;158.24;158.24;158.24;158.24;159.06;158.24;106.07;144.78;165.00;158.24;-;189.39;158.24;158.24
Aug 21, 2026 9:45 AM;Aug 21, 2026 10:00 AM;144.45;144.39;144.45;144.45;146.42;144.45;144.45;147.69;144.45;125.62;136.87;165.00;144.45;-;181.38;144.45;144.45
Aug 21, 2026 10:00 AM;Aug 21, 2026 10:15 AM;166.00;157.98;166.00;166.00;164.02;166.00;166.00;160.00;166.00;110.36;147.75;159.60;166.00;-;194.02;166.00;166.00
Aug 21, 2026 10:15 AM;Aug 21, 2026 10:30 AM;154.69;149.22;154.69;154.69;152.07;154.69;154.69;150.24;154.69;113.48;137.91;159.60;154.69;-;208.00;154.69;154.69
Aug 21, 2026 10:30 AM;Aug 21, 2026 10:45 AM;142.59;141.23;142.59;142.59;145.20;142.59;142.59;140.01;142.59;121.80;131.33;159.60;142.59;-;196.80;142.59;142.59
Aug 21, 2026 10:45 AM;Aug 21, 2026 11:00 AM;132.72;132.45;132.72;132.72;132.71;132.72;132.72;137.05;132.72;132.48;98.77;159.60;132.72;-;189.50;132.72;132.72
Aug 21, 2026 11:00 AM;Aug 21, 2026 11:15 AM;139.80;139.48;139.88;139.49;139.10;139.80;139.83;137.63;157.76;113.47;129.80;159.60;137.95;-;194.20;111.41;130.68
Aug 21, 2026 11:15 AM;Aug 21, 2026 11:30 AM;142.14;138.34;142.31;142.00;141.78;142.42;142.23;138.07;147.78;113.48;110.86;159.60;141.24;-;187.11;136.54;137.99
Aug 21, 2026 11:30 AM;Aug 21, 2026 11:45 AM;137.00;134.85;137.00;137.00;137.00;137.00;137.00;137.28;137.00;113.94;113.56;159.60;137.00;-;174.71;137.00;137.00
Aug 21, 2026 11:45 AM;Aug 21, 2026 12:00 PM;136.59;131.20;134.33;136.23;136.43;128.34;135.14;137.88;137.48;113.94;86.91;159.60;136.96;-;168.75;137.46;136.94
Aug 21, 2026 12:00 PM;Aug 21, 2026 12:15 PM;134.38;136.25;135.26;133.59;132.10;135.62;134.91;135.67;156.69;113.47;119.08;160.07;142.31;-;166.36;112.21;131.20
Aug 21, 2026 12:15 PM;Aug 21, 2026 12:30 PM;134.62;135.67;135.40;133.86;132.39;135.58;135.12;135.20;149.09;113.94;116.77;160.07;144.92;-;161.02;127.84;137.59
Aug 21, 2026 12:30 PM;Aug 21, 2026 12:45 PM;134.77;133.15;135.93;134.07;132.55;136.62;135.48;135.50;143.70;113.93;91.51;160.07;145.30;-;160.08;141.68;140.00
Aug 21, 2026 12:45 PM;Aug 21, 2026 1:00 PM;137.07;133.90;137.77;136.18;134.52;137.37;137.54;135.22;145.73;113.94;86.52;160.07;148.00;-;155.69;151.09;142.24
Aug 21, 2026 1:00 PM;Aug 21, 2026 1:15 PM;140.65;135.74;140.65;140.65;140.64;140.65;140.65;140.00;140.65;113.90;102.65;152.00;140.65;-;152.01;140.65;140.65
Aug 21, 2026 1:15 PM;Aug 21, 2026 1:30 PM;138.01;131.03;133.16;137.18;137.55;120.12;134.89;139.99;144.10;112.66;91.25;152.00;138.42;-;144.10;132.41;136.70
Aug 21, 2026 1:30 PM;Aug 21, 2026 1:45 PM;142.81;130.79;128.66;140.38;141.41;90.35;133.71;139.97;154.00;114.02;99.93;152.00;144.23;-;155.50;144.39;141.03
Aug 21, 2026 1:45 PM;Aug 21, 2026 2:00 PM;140.51;127.81;118.40;136.46;137.50;57.91;126.31;139.95;154.39;128.13;102.54;152.00;152.33;-;154.39;153.13;149.92
Aug 21, 2026 2:00 PM;Aug 21, 2026 2:15 PM;134.35;130.83;134.12;134.25;134.16;132.76;134.20;137.41;135.11;126.90;77.86;156.95;135.45;-;151.90;135.24;135.19
Aug 21, 2026 2:15 PM;Aug 21, 2026 2:30 PM;142.05;132.90;135.22;141.04;141.69;103.12;137.67;137.08;147.66;124.12;93.33;156.95;144.05;-;150.22;150.22;144.02
Aug 21, 2026 2:30 PM;Aug 21, 2026 2:45 PM;144.34;132.96;132.85;142.80;144.13;79.92;136.96;138.81;151.82;127.36;102.63;156.95;148.37;-;152.39;152.39;150.23
Aug 21, 2026 2:45 PM;Aug 21, 2026 3:00 PM;143.95;131.81;129.78;142.05;143.68;64.52;134.85;138.08;153.49;127.00;110.67;156.95;148.88;-;153.49;153.49;151.10
Aug 21, 2026 3:00 PM;Aug 21, 2026 3:15 PM;144.78;136.31;141.47;143.57;144.68;126.12;142.66;139.52;147.21;138.26;72.52;157.49;145.96;-;147.64;147.64;146.85
Aug 21, 2026 3:15 PM;Aug 21, 2026 3:30 PM;145.00;134.32;135.97;141.63;144.83;94.37;139.23;139.49;151.06;141.26;83.97;157.49;148.23;-;151.68;151.68;149.90
Aug 21, 2026 3:30 PM;Aug 21, 2026 3:45 PM;144.12;135.09;131.03;142.41;146.40;70.77;135.76;139.05;152.75;148.20;113.32;157.49;148.81;-;152.75;153.49;151.01
Aug 21, 2026 3:45 PM;Aug 21, 2026 4:00 PM;165.09;145.75;146.54;158.29;161.52;58.77;153.53;152.04;177.90;126.73;138.34;157.49;172.08;-;154.39;178.94;175.30
Aug 21, 2026 4:00 PM;Aug 21, 2026 4:15 PM;148.60;131.02;127.62;140.59;147.68;30.81;135.47;138.14;162.59;132.00;110.58;159.60;156.09;-;163.56;163.74;159.72
Aug 21, 2026 4:15 PM;Aug 21, 2026 4:30 PM;157.97;141.99;138.49;150.79;156.76;47.64;145.90;145.35;171.19;124.20;156.89;159.60;165.06;-;164.16;172.26;168.47
Aug 21, 2026 4:30 PM;Aug 21, 2026 4:45 PM;167.88;151.19;142.33;158.63;166.24;62.42;154.86;152.78;181.40;144.04;165.60;159.60;175.16;-;169.73;182.41;178.58
Aug 21, 2026 4:45 PM;Aug 21, 2026 5:00 PM;191.51;166.95;166.36;157.62;186.08;80.56;180.29;153.08;207.03;185.60;160.21;159.60;200.00;-;170.32;207.97;203.70
Aug 21, 2026 5:00 PM;Aug 21, 2026 5:15 PM;160.60;151.00;144.19;155.23;159.79;91.17;152.66;150.27;169.97;165.00;137.86;169.10;165.71;-;161.36;170.66;168.01
Aug 21, 2026 5:15 PM;Aug 21, 2026 5:30 PM;180.84;169.32;170.06;164.48;177.84;130.62;176.71;157.37;188.37;184.20;158.74;169.10;184.98;-;180.00;188.80;186.72
Aug 21, 2026 5:30 PM;Aug 21, 2026 5:45 PM;196.00;180.83;187.24;169.43;190.99;150.44;193.76;160.59;203.54;199.21;164.64;169.10;200.18;-;198.97;203.86;201.81
Aug 21, 2026 5:45 PM;Aug 21, 2026 6:00 PM;207.39;190.45;197.16;194.09;204.98;160.53;203.28;162.18;214.30;210.50;167.66;169.10;211.18;-;200.22;214.71;212.79
Aug 21, 2026 6:00 PM;Aug 21, 2026 6:15 PM;193.49;182.23;179.62;174.21;193.75;135.72;186.58;170.09;194.14;213.48;167.05;187.00;202.93;-;175.57;224.76;212.31
Aug 21, 2026 6:15 PM;Aug 21, 2026 6:30 PM;199.99;194.28;188.90;196.58;200.77;151.22;194.66;170.96;214.91;244.58;170.67;187.00;216.85;-;185.00;228.02;228.11
Aug 21, 2026 6:30 PM;Aug 21, 2026 6:45 PM;196.37;196.37;193.08;193.86;197.42;178.77;195.02;173.36;211.86;243.86;173.17;187.00;212.63;-;202.55;217.41;222.70
Aug 21, 2026 6:45 PM;Aug 21, 2026 7:00 PM;198.11;199.92;196.10;193.98;197.55;185.06;197.45;173.69;214.92;251.99;185.16;187.00;216.23;-;189.50;221.20;227.51
Aug 21, 2026 7:00 PM;Aug 21, 2026 7:15 PM;205.00;192.02;164.73;204.02;207.76;137.48;197.56;180.89;202.84;237.09;176.50;192.51;210.84;-;191.87;206.14;215.01
Aug 21, 2026 7:15 PM;Aug 21, 2026 7:30 PM;204.34;194.86;177.90;203.84;205.16;159.98;199.60;180.68;204.85;232.69;175.82;192.51;210.48;-;201.50;207.91;214.72
Aug 21, 2026 7:30 PM;Aug 21, 2026 7:45 PM;199.99;200.42;196.45;200.67;201.12;193.87;200.08;180.78;209.84;240.75;176.00;192.51;212.55;-;209.84;214.80;220.71
Aug 21, 2026 7:45 PM;Aug 21, 2026 8:00 PM;208.33;207.69;209.61;208.87;209.43;210.27;209.37;180.08;219.31;248.53;175.39;192.51;221.24;-;216.79;224.27;229.57
Aug 21, 2026 8:00 PM;Aug 21, 2026 8:15 PM;206.99;199.96;182.45;207.22;208.19;165.76;202.92;181.36;211.90;249.90;176.97;195.03;217.91;-;201.17;216.82;225.41
Aug 21, 2026 8:15 PM;Aug 21, 2026 8:30 PM;199.56;199.53;197.46;200.06;200.44;195.91;199.76;181.27;207.68;232.24;175.34;195.03;209.66;-;201.17;211.69;216.37
Aug 21, 2026 8:30 PM;Aug 21, 2026 8:45 PM;200.76;198.78;201.28;200.97;201.21;201.56;201.18;180.82;205.37;217.60;175.46;195.03;206.13;-;205.37;207.46;209.69
Aug 21, 2026 8:45 PM;Aug 21, 2026 9:00 PM;208.31;203.36;208.61;208.43;208.58;208.78;208.56;180.70;211.00;218.14;177.63;195.03;211.45;-;211.00;212.22;213.52
Aug 21, 2026 9:00 PM;Aug 21, 2026 9:15 PM;205.32;199.23;205.32;205.32;205.32;205.32;205.32;180.65;205.32;205.32;178.27;190.00;205.32;-;205.32;205.32;205.32
Aug 21, 2026 9:15 PM;Aug 21, 2026 9:30 PM;204.01;198.22;204.01;204.01;204.02;204.01;204.01;180.42;204.01;204.01;177.93;190.00;204.01;-;204.01;204.01;204.01
Aug 21, 2026 9:30 PM;Aug 21, 2026 9:45 PM;195.96;192.21;195.96;195.96;195.97;195.96;195.96;179.56;195.96;195.96;177.01;190.00;195.96;-;195.96;195.96;195.96
Aug 21, 2026 9:45 PM;Aug 21, 2026 10:00 PM;189.57;186.86;189.45;189.57;189.62;189.39;189.55;174.98;189.39;190.41;174.39;190.00;188.72;-;189.39;190.62;194.37
Aug 21, 2026 10:00 PM;Aug 21, 2026 10:15 PM;192.71;186.63;192.76;192.74;192.80;192.83;192.74;173.24;192.47;194.36;157.81;180.00;191.18;-;192.83;194.76;201.75
Aug 21, 2026 10:15 PM;Aug 21, 2026 10:30 PM;188.27;182.96;188.35;188.31;188.41;188.44;188.32;171.90;187.93;190.67;154.22;180.00;186.05;-;188.44;191.25;201.38
Aug 21, 2026 10:30 PM;Aug 21, 2026 10:45 PM;189.26;184.63;189.32;189.29;189.37;189.39;189.30;170.54;189.00;191.08;166.07;180.00;187.58;-;189.39;191.52;199.20
Aug 21, 2026 10:45 PM;Aug 21, 2026 11:00 PM;179.19;177.72;179.24;179.21;179.30;179.31;179.22;170.45;178.92;181.03;170.74;180.00;177.48;-;179.31;181.48;189.28
Aug 21, 2026 11:00 PM;Aug 21, 2026 11:15 PM;182.37;178.83;182.37;182.37;182.37;182.37;182.37;170.44;182.37;182.37;165.52;172.17;182.37;-;182.37;182.37;182.37
Aug 21, 2026 11:15 PM;Aug 21, 2026 11:30 PM;175.80;174.38;175.80;175.80;175.80;175.80;175.80;169.04;175.80;175.80;170.60;172.17;175.80;-;175.80;175.80;175.80
Aug 21, 2026 11:30 PM;Aug 21, 2026 11:45 PM;171.92;169.03;171.92;171.92;171.92;171.92;171.92;163.96;171.92;148.67;171.14;172.17;171.92;-;171.92;171.92;171.92
Aug 21, 2026 11:45 PM;Aug 22, 2026 12:00 AM;163.91;163.25;163.91;163.91;163.92;163.91;163.91;159.75;163.91;153.12;163.34;172.17;163.91;-;163.91;163.91;163.91
Aug 22, 2026 12:00 AM;Aug 22, 2026 12:15 AM;176.56;169.40;176.93;176.34;179.54;177.25;176.74;164.19;179.34;125.66;169.84;162.68;174.85;-;182.92;182.92;186.81
Aug 22, 2026 12:15 AM;Aug 22, 2026 12:30 AM;171.60;166.46;172.28;171.21;170.66;172.86;171.93;163.97;176.68;140.05;160.26;162.68;168.50;-;183.20;183.20;190.28
Aug 22, 2026 12:30 AM;Aug 22, 2026 12:45 AM;166.27;159.79;166.87;165.93;165.43;167.39;166.56;161.14;170.77;137.54;129.82;162.68;163.52;-;176.56;176.56;182.83
Aug 22, 2026 12:45 AM;Aug 22, 2026 1:00 AM;157.60;153.18;158.32;157.18;156.57;158.94;157.95;152.57;163.01;153.59;109.69;162.68;154.50;-;169.77;169.77;176.94
Aug 22, 2026 1:00 AM;Aug 22, 2026 1:15 AM;164.97;157.58;165.01;164.94;164.91;165.04;164.98;160.13;165.39;127.05;133.33;157.77;164.78;-;165.66;165.66;166.08
Aug 22, 2026 1:15 AM;Aug 22, 2026 1:30 AM;161.34;154.93;161.39;161.31;161.26;161.44;161.36;156.63;161.92;140.03;120.03;157.77;161.09;-;162.28;162.28;162.85
Aug 22, 2026 1:30 AM;Aug 22, 2026 1:45 AM;160.01;151.65;160.01;160.01;160.01;160.01;160.01;155.44;160.01;142.00;92.88;157.77;160.01;-;160.01;160.01;160.01
Aug 22, 2026 1:45 AM;Aug 22, 2026 2:00 AM;159.82;152.33;159.82;159.82;159.82;159.82;159.82;155.26;159.82;151.16;92.75;157.77;159.82;-;159.82;159.82;159.82
Aug 22, 2026 2:00 AM;Aug 22, 2026 2:15 AM;159.97;150.08;159.97;159.97;159.96;159.97;159.97;155.42;159.97;137.20;88.48;150.00;159.97;-;159.97;159.97;159.97
Aug 22, 2026 2:15 AM;Aug 22, 2026 2:30 AM;156.91;147.71;156.91;156.91;156.90;156.91;156.91;152.40;156.91;134.93;89.11;150.00;156.91;-;156.91;156.91;156.91
Aug 22, 2026 2:30 AM;Aug 22, 2026 2:45 AM;159.90;156.97;159.90;159.90;159.90;159.90;159.90;155.24;159.90;159.50;142.63;150.00;159.90;-;159.90;159.90;159.90
Aug 22, 2026 2:45 AM;Aug 22, 2026 3:00 AM;158.07;153.14;158.07;158.07;158.07;158.07;158.07;153.52;158.07;154.48;120.03;150.00;158.07;-;158.07;158.07;158.07
Aug 22, 2026 3:00 AM;Aug 22, 2026 3:15 AM;160.23;156.77;160.23;160.23;160.23;160.23;160.23;155.54;160.23;160.23;140.41;146.70;160.23;-;160.76;160.23;160.23
Aug 22, 2026 3:15 AM;Aug 22, 2026 3:30 AM;155.99;152.61;155.99;155.99;155.99;155.99;155.99;151.36;155.99;150.23;138.48;146.70;155.99;-;157.82;155.99;155.99
Aug 22, 2026 3:30 AM;Aug 22, 2026 3:45 AM;153.70;148.22;153.72;153.68;153.66;153.75;153.71;149.23;153.98;145.13;113.31;146.70;153.58;-;155.60;154.14;154.40
Aug 22, 2026 3:45 AM;Aug 22, 2026 4:00 AM;147.64;143.21;147.87;147.47;147.26;148.09;147.75;143.11;150.30;139.57;110.71;146.70;146.52;-;155.14;151.87;154.32
Aug 22, 2026 4:00 AM;Aug 22, 2026 4:15 AM;154.29;151.69;154.29;154.29;154.29;154.29;154.29;149.66;154.29;145.13;148.82;145.00;154.29;-;155.61;154.29;154.29
Aug 22, 2026 4:15 AM;Aug 22, 2026 4:30 AM;149.62;145.24;149.92;149.41;149.14;150.20;149.76;144.99;153.00;145.12;112.83;145.00;148.23;-;155.00;155.00;158.12
Aug 22, 2026 4:30 AM;Aug 22, 2026 4:45 AM;145.26;140.99;145.93;144.80;144.20;146.55;145.57;140.44;152.78;141.42;102.08;145.00;142.17;-;160.85;157.22;164.16
Aug 22, 2026 4:45 AM;Aug 22, 2026 5:00 AM;144.83;140.64;145.52;144.36;143.73;146.16;145.15;140.00;152.60;140.86;102.08;145.00;141.63;-;157.18;157.18;164.34
Aug 22, 2026 5:00 AM;Aug 22, 2026 5:15 AM;147.67;144.11;148.66;146.86;145.90;149.65;148.09;142.50;159.63;141.42;114.79;145.00;142.67;-;166.74;166.74;177.84
Aug 22, 2026 5:15 AM;Aug 22, 2026 5:30 AM;143.80;140.27;145.09;142.74;141.48;146.39;144.35;138.44;159.46;134.93;107.84;145.00;137.25;-;168.76;168.76;183.30
Aug 22, 2026 5:30 AM;Aug 22, 2026 5:45 AM;144.19;140.13;145.49;143.12;141.85;146.80;144.75;138.81;159.95;135.95;102.09;145.00;137.60;-;169.31;169.31;183.95
Aug 22, 2026 5:45 AM;Aug 22, 2026 6:00 AM;146.37;141.13;147.61;145.35;144.13;148.86;146.90;141.01;161.46;134.92;97.16;145.00;140.06;-;170.42;170.42;184.43
Aug 22, 2026 6:00 AM;Aug 22, 2026 6:15 AM;153.82;148.35;154.13;153.53;153.21;154.47;153.95;149.01;157.80;136.78;120.19;146.70;152.07;-;161.99;160.17;163.88
Aug 22, 2026 6:15 AM;Aug 22, 2026 6:30 AM;156.70;148.78;156.80;155.52;156.45;156.78;156.83;150.92;156.76;138.63;104.52;146.70;156.69;-;176.11;156.78;156.81
Aug 22, 2026 6:30 AM;Aug 22, 2026 6:45 AM;155.67;147.85;155.80;154.02;155.33;155.78;155.85;149.35;155.70;140.50;101.59;146.70;155.68;-;157.38;155.70;155.68
Aug 22, 2026 6:45 AM;Aug 22, 2026 7:00 AM;149.37;143.30;149.37;149.37;151.37;149.37;149.37;144.96;149.37;131.35;105.70;146.70;149.37;-;155.00;149.37;149.37
Aug 22, 2026 7:00 AM;Aug 22, 2026 7:15 AM;159.74;149.13;160.22;153.74;156.56;160.12;160.35;148.53;159.87;141.79;99.47;140.00;159.79;-;166.85;159.86;159.81
Aug 22, 2026 7:15 AM;Aug 22, 2026 7:30 AM;146.89;140.31;146.89;146.89;146.89;146.89;146.89;142.50;146.89;130.29;102.37;140.00;146.89;-;190.00;146.89;146.89
Aug 22, 2026 7:30 AM;Aug 22, 2026 7:45 AM;139.30;134.61;139.30;139.30;139.30;139.30;139.30;134.98;139.30;128.44;102.20;140.00;139.30;-;176.13;139.30;139.30
Aug 22, 2026 7:45 AM;Aug 22, 2026 8:00 AM;130.09;128.65;130.09;130.09;130.09;130.09;130.09;130.56;130.09;124.72;109.27;140.00;130.09;-;158.17;130.09;130.09
Aug 22, 2026 8:00 AM;Aug 22, 2026 8:15 AM;147.32;138.86;147.32;147.32;147.32;147.32;147.32;138.29;147.32;121.36;106.83;129.77;147.32;-;182.68;147.32;147.32
Aug 22, 2026 8:15 AM;Aug 22, 2026 8:30 AM;138.00;132.45;138.00;138.00;138.00;138.00;138.00;133.72;138.00;121.01;106.48;129.77;138.00;-;158.61;138.00;138.00
Aug 22, 2026 8:30 AM;Aug 22, 2026 8:45 AM;124.51;121.91;124.51;124.51;124.51;124.51;124.51;121.33;124.51;118.70;99.62;129.77;124.51;-;148.89;124.51;124.51
Aug 22, 2026 8:45 AM;Aug 22, 2026 9:00 AM;102.69;105.25;102.69;102.69;102.69;102.69;102.69;110.83;102.69;102.69;95.61;129.77;102.69;-;141.54;102.69;102.69
Aug 22, 2026 9:00 AM;Aug 22, 2026 9:15 AM;110.75;109.98;110.75;110.75;110.75;110.75;110.75;111.12;110.75;110.75;110.67;102.00;110.75;-;150.00;110.75;110.75
Aug 22, 2026 9:15 AM;Aug 22, 2026 9:30 AM;98.63;99.51;98.63;98.63;98.63;98.63;98.63;104.96;98.63;98.63;98.63;102.00;98.63;-;145.12;98.63;98.63
Aug 22, 2026 9:30 AM;Aug 22, 2026 9:45 AM;85.01;86.80;85.01;85.01;85.01;85.01;85.01;87.75;85.01;85.01;85.00;102.00;85.01;-;172.89;85.01;85.01
Aug 22, 2026 9:45 AM;Aug 22, 2026 10:00 AM;66.68;68.54;63.38;66.39;66.83;43.38;64.64;74.91;69.36;67.99;66.83;102.00;68.22;-;156.17;69.60;68.83
Aug 22, 2026 10:00 AM;Aug 22, 2026 10:15 AM;78.38;73.73;74.20;77.83;78.36;50.24;75.68;80.33;81.41;79.77;78.35;54.76;80.06;-;178.59;81.70;80.77
Aug 22, 2026 10:15 AM;Aug 22, 2026 10:30 AM;64.13;57.53;55.06;62.94;64.08;3.11;58.28;64.95;70.70;67.15;64.08;54.76;67.76;-;163.40;71.33;69.32
Aug 22, 2026 10:30 AM;Aug 22, 2026 10:45 AM;38.57;42.25;34.30;38.01;38.55;9.80;35.82;93.02;41.68;40.00;38.55;54.76;40.29;-;143.31;41.97;41.02
Aug 22, 2026 10:45 AM;Aug 22, 2026 11:00 AM;20.10;28.99;18.30;19.86;20.40;8.01;18.94;94.97;21.40;20.70;20.70;54.76;20.82;-;127.94;21.53;21.13
Aug 22, 2026 11:00 AM;Aug 22, 2026 11:15 AM;41.97;41.48;29.41;40.13;41.19;0.00;34.29;105.64;46.45;43.91;43.91;26.84;44.56;-;114.57;45.88;45.15
Aug 22, 2026 11:15 AM;Aug 22, 2026 11:30 AM;20.59;27.51;14.42;19.68;20.76;0.00;16.82;106.53;22.78;21.54;31.38;26.84;21.85;-;103.10;22.50;22.14
Aug 22, 2026 11:30 AM;Aug 22, 2026 11:45 AM;10.22;21.88;7.16;9.77;11.25;0.00;8.35;106.49;11.31;10.69;38.00;26.84;10.85;-;98.67;11.17;10.99
Aug 22, 2026 11:45 AM;Aug 22, 2026 12:00 PM;6.47;19.41;4.53;6.19;7.56;-0.01;5.28;106.38;7.16;6.77;35.99;26.84;6.87;-;98.10;7.07;6.96
Aug 22, 2026 12:00 PM;Aug 22, 2026 12:15 PM;3.02;16.54;3.02;3.02;4.83;3.02;3.02;97.97;3.02;3.02;44.60;13.40;3.02;-;119.18;3.02;3.02
Aug 22, 2026 12:15 PM;Aug 22, 2026 12:30 PM;0.96;14.77;0.96;0.96;2.71;0.96;0.96;97.96;0.96;0.96;41.70;13.40;0.96;-;111.14;0.96;0.96
Aug 22, 2026 12:30 PM;Aug 22, 2026 12:45 PM;0.01;13.67;0.01;1.31;2.76;0.01;0.01;97.96;0.01;0.01;34.90;13.40;0.01;-;118.71;0.01;0.01
Aug 22, 2026 12:45 PM;Aug 22, 2026 1:00 PM;0.00;13.15;0.00;1.00;2.24;0.00;0.00;97.96;0.00;0.00;30.00;13.40;0.00;-;105.00;0.00;0.00
Aug 22, 2026 1:00 PM;Aug 22, 2026 1:15 PM;0.00;13.71;0.00;1.35;2.93;0.00;0.00;100.49;0.00;0.00;38.00;8.00;0.00;-;93.00;0.00;0.00
Aug 22, 2026 1:15 PM;Aug 22, 2026 1:30 PM;0.00;13.35;0.00;1.36;2.86;0.00;0.00;98.38;0.00;0.00;36.21;8.00;0.00;-;96.95;0.00;0.00
Aug 22, 2026 1:30 PM;Aug 22, 2026 1:45 PM;-0.01;12.92;-0.01;1.34;2.67;-0.01;-0.01;97.97;0.00;-0.01;32.23;8.00;-0.01;-;90.00;0.00;0.00
Aug 22, 2026 1:45 PM;Aug 22, 2026 2:00 PM;-0.01;12.84;-0.01;1.33;2.63;-0.01;-0.01;97.96;0.00;-0.01;31.38;8.00;-0.01;-;90.00;0.00;0.00
Aug 22, 2026 2:00 PM;Aug 22, 2026 2:15 PM;-0.01;13.11;-0.01;1.33;2.87;-0.01;-0.01;93.98;0.00;-0.01;37.10;9.00;-0.01;-;91.95;0.00;0.00
Aug 22, 2026 2:15 PM;Aug 22, 2026 2:30 PM;-0.01;12.50;-0.01;1.33;2.75;-0.01;-0.01;90.00;0.00;-0.01;34.47;9.00;-0.01;-;92.02;0.00;0.00
Aug 22, 2026 2:30 PM;Aug 22, 2026 2:45 PM;-0.01;11.52;-0.01;1.31;2.63;-0.01;-0.01;81.72;0.01;-0.01;32.10;9.00;0.00;-;91.95;0.00;0.00
Aug 22, 2026 2:45 PM;Aug 22, 2026 3:00 PM;-0.01;4.63;-0.01;0.97;2.16;-0.01;-0.01;10.07;0.01;-0.01;28.74;9.00;0.00;-;82.33;0.00;0.00
Aug 22, 2026 3:00 PM;Aug 22, 2026 3:15 PM;-0.06;4.58;-0.04;0.92;2.18;-0.01;-0.04;-0.02;1.34;0.36;30.23;15.00;0.44;-;80.00;0.88;0.79
Aug 22, 2026 3:15 PM;Aug 22, 2026 3:30 PM;-0.14;5.14;-0.07;1.33;2.54;0.00;-0.09;0.00;5.00;1.65;29.27;15.00;1.88;-;74.77;5.00;3.64
Aug 22, 2026 3:30 PM;Aug 22, 2026 3:45 PM;-0.10;6.30;-0.02;1.33;2.61;-0.01;-0.04;0.00;11.83;3.50;30.95;15.00;4.19;-;68.00;7.95;7.19
Aug 22, 2026 3:45 PM;Aug 22, 2026 4:00 PM;-0.09;7.26;0.01;1.33;2.70;-0.01;-0.01;0.01;16.67;4.97;33.21;15.00;5.94;-;78.00;11.22;10.15
Aug 22, 2026 4:00 PM;Aug 22, 2026 4:15 PM;-0.01;10.75;0.12;0.35;2.11;-0.01;0.11;1.23;10.80;5.52;29.66;62.90;5.41;-;66.28;24.11;13.05
Aug 22, 2026 4:15 PM;Aug 22, 2026 4:30 PM;0.00;13.99;0.29;0.77;3.98;-0.01;0.26;2.90;23.53;12.46;34.78;62.90;12.08;-;87.44;55.51;29.57
Aug 22, 2026 4:30 PM;Aug 22, 2026 4:45 PM;0.00;28.45;0.74;2.11;4.98;-0.01;0.67;56.48;78.15;34.90;36.59;62.90;35.46;-;122.26;137.92;80.38
Aug 22, 2026 4:45 PM;Aug 22, 2026 5:00 PM;0.00;41.78;1.20;3.41;8.91;0.00;1.07;94.99;126.69;56.29;46.90;62.90;57.26;-;130.32;221.44;129.48
Aug 22, 2026 5:00 PM;Aug 22, 2026 5:15 PM;0.01;40.26;0.44;1.45;4.90;0.00;0.34;104.96;69.75;69.76;29.16;133.91;28.21;-;141.91;99.15;62.43
Aug 22, 2026 5:15 PM;Aug 22, 2026 5:30 PM;2.05;51.03;3.13;2.96;6.14;0.00;2.77;105.13;134.18;96.44;42.00;133.91;34.65;-;144.00;146.83;142.04
Aug 22, 2026 5:30 PM;Aug 22, 2026 5:45 PM;39.51;72.23;36.92;39.78;42.03;12.30;38.00;100.49;170.40;97.80;53.00;133.91;69.86;-;170.40;189.90;189.90
Aug 22, 2026 5:45 PM;Aug 22, 2026 6:00 PM;71.99;93.66;72.49;72.42;73.41;68.39;72.37;104.98;171.04;95.53;73.41;133.91;92.29;-;174.27;183.32;195.61
Aug 22, 2026 6:00 PM;Aug 22, 2026 6:15 PM;76.32;95.82;77.18;76.10;76.66;76.32;76.60;104.92;152.49;92.17;76.65;151.42;93.46;-;154.81;174.90;174.90
Aug 22, 2026 6:15 PM;Aug 22, 2026 6:30 PM;95.15;108.66;97.11;94.87;94.82;99.88;96.05;109.49;148.27;104.20;94.78;151.42;104.33;-;177.81;177.81;177.85
Aug 22, 2026 6:30 PM;Aug 22, 2026 6:45 PM;113.99;121.87;116.25;113.52;113.14;119.21;115.06;114.53;167.85;120.30;87.85;151.42;121.41;-;198.37;198.37;202.00
Aug 22, 2026 6:45 PM;Aug 22, 2026 7:00 PM;134.83;135.07;136.50;134.64;134.55;138.77;135.62;130.02;171.10;141.15;70.62;151.42;141.37;-;207.40;207.40;195.26
Aug 22, 2026 7:00 PM;Aug 22, 2026 7:15 PM;132.50;133.19;132.92;132.52;133.75;134.18;132.59;128.38;154.98;125.11;100.01;156.00;134.68;-;178.32;178.32;216.61
Aug 22, 2026 7:15 PM;Aug 22, 2026 7:30 PM;141.86;140.34;142.91;139.42;141.98;144.36;142.48;134.79;170.00;131.22;94.76;156.00;145.81;-;190.00;190.00;211.22
Aug 22, 2026 7:30 PM;Aug 22, 2026 7:45 PM;157.56;144.29;160.90;134.29;145.11;162.36;160.32;139.94;174.95;142.00;60.13;156.00;151.22;-;193.31;193.31;207.31
Aug 22, 2026 7:45 PM;Aug 22, 2026 8:00 PM;164.68;147.38;167.57;133.05;146.08;167.99;167.89;140.87;174.92;148.37;50.10;156.00;168.29;-;198.37;198.37;196.81
Aug 22, 2026 8:00 PM;Aug 22, 2026 8:15 PM;146.99;141.33;149.25;137.00;143.26;150.86;148.40;137.19;163.19;136.75;92.00;158.20;138.54;-;183.87;179.19;197.89
Aug 22, 2026 8:15 PM;Aug 22, 2026 8:30 PM;156.78;144.08;160.57;138.22;142.97;162.01;160.05;135.00;173.96;146.91;58.05;158.20;148.94;-;190.00;190.00;208.72
Aug 22, 2026 8:30 PM;Aug 22, 2026 8:45 PM;169.75;147.97;174.51;137.63;143.98;175.00;174.78;134.99;181.01;145.19;35.92;158.20;166.44;-;190.02;190.02;200.49
Aug 22, 2026 8:45 PM;Aug 22, 2026 9:00 PM;183.13;151.96;188.70;136.87;144.90;188.00;189.92;134.85;186.31;134.25;24.01;158.20;185.58;-;190.00;186.07;185.68
Aug 22, 2026 9:00 PM;Aug 22, 2026 9:15 PM;172.56;148.10;177.19;135.13;142.83;176.99;177.98;133.87;174.92;113.61;67.13;156.00;173.44;-;188.48;188.48;182.26
Aug 22, 2026 9:15 PM;Aug 22, 2026 9:30 PM;170.74;146.38;175.34;133.00;142.04;175.36;175.93;133.83;177.99;123.79;47.27;156.00;169.64;-;182.98;182.98;188.84
Aug 22, 2026 9:30 PM;Aug 22, 2026 9:45 PM;165.85;143.03;169.87;126.51;139.86;170.00;170.29;133.86;173.51;138.71;29.80;156.00;164.92;-;177.80;177.80;182.59
Aug 22, 2026 9:45 PM;Aug 22, 2026 10:00 PM;163.66;141.15;167.62;125.39;139.04;167.93;167.90;133.39;172.73;146.70;14.00;156.00;161.98;-;178.22;178.22;184.38
Aug 22, 2026 10:00 PM;Aug 22, 2026 10:15 PM;166.18;143.97;171.10;127.17;139.45;172.00;171.12;133.01;180.77;147.89;25.00;155.80;160.38;-;193.77;193.77;209.06
Aug 22, 2026 10:15 PM;Aug 22, 2026 10:30 PM;158.41;139.47;165.94;123.41;136.37;166.16;165.61;131.11;177.96;146.12;13.19;155.80;152.54;-;191.28;191.28;206.19
Aug 22, 2026 10:30 PM;Aug 22, 2026 10:45 PM;152.26;137.96;169.39;122.47;134.47;165.95;169.04;129.78;175.31;139.24;9.52;155.80;146.55;-;190.00;190.00;206.15
Aug 22, 2026 10:45 PM;Aug 22, 2026 11:00 PM;145.98;134.02;163.53;123.01;130.30;160.00;163.13;128.00;169.74;132.45;8.29;155.80;140.00;-;184.96;184.96;201.69
Aug 22, 2026 11:00 PM;Aug 22, 2026 11:15 PM;146.75;134.56;162.65;128.00;134.21;160.00;161.91;133.28;169.15;132.36;7.72;150.82;140.03;-;187.92;187.92;205.98
Aug 22, 2026 11:15 PM;Aug 22, 2026 11:30 PM;142.34;131.73;161.96;123.97;127.58;158.09;161.31;128.17;166.34;127.86;6.95;150.82;135.95;-;185.62;185.62;204.13
Aug 22, 2026 11:30 PM;Aug 22, 2026 11:45 PM;139.28;129.12;157.39;122.83;126.23;154.29;156.55;126.93;164.40;123.20;5.87;150.82;131.79;-;185.39;185.39;205.60
Aug 22, 2026 11:45 PM;Aug 23, 2026 12:00 AM;136.11;126.44;152.64;121.31;124.53;150.00;151.79;125.30;160.11;120.99;5.00;150.82;128.30;-;181.06;181.06;201.57
Aug 23, 2026 12:00 AM;Aug 23, 2026 12:15 AM;140.99;130.85;154.45;131.91;134.33;153.17;153.92;134.99;172.91;117.41;6.31;142.05;137.86;-;185.50;185.50;204.41
Aug 23, 2026 12:15 AM;Aug 23, 2026 12:30 AM;133.96;124.63;141.87;130.01;129.66;142.47;140.89;133.89;164.65;115.01;5.56;142.05;124.85;-;198.37;178.32;199.33
Aug 23, 2026 12:30 AM;Aug 23, 2026 12:45 AM;129.02;120.27;134.54;127.41;125.12;136.03;133.32;131.21;159.65;109.35;4.99;142.05;119.27;-;193.55;173.59;195.12
Aug 23, 2026 12:45 AM;Aug 23, 2026 1:00 AM;126.72;118.21;131.68;125.36;123.14;133.10;130.54;129.10;154.98;108.53;4.12;142.05;117.69;-;190.00;167.86;187.74
Aug 23, 2026 1:00 AM;Aug 23, 2026 1:15 AM;131.20;121.18;138.51;127.53;126.82;138.77;137.83;131.34;154.97;97.93;4.97;140.07;134.26;-;180.67;165.47;184.20
Aug 23, 2026 1:15 AM;Aug 23, 2026 1:30 AM;126.69;117.43;131.82;125.10;122.85;132.91;130.88;128.84;151.18;97.93;4.01;140.07;126.15;-;177.00;161.96;180.35
Aug 23, 2026 1:30 AM;Aug 23, 2026 1:45 AM;124.79;115.42;128.55;123.74;121.67;129.42;127.81;127.44;142.86;97.93;3.05;140.07;127.10;-;174.17;150.72;164.87
Aug 23, 2026 1:45 AM;Aug 23, 2026 2:00 AM;120.60;111.88;123.75;119.70;117.91;124.45;123.14;123.54;135.33;96.16;2.85;140.07;123.74;-;173.60;141.68;153.45
Aug 23, 2026 2:00 AM;Aug 23, 2026 2:15 AM;126.28;116.66;134.21;123.38;121.16;134.35;133.68;126.54;149.99;83.07;2.91;140.00;134.00;-;159.72;159.72;178.34
Aug 23, 2026 2:15 AM;Aug 23, 2026 2:30 AM;119.75;110.92;124.45;118.59;116.46;125.40;123.56;122.39;140.31;79.47;2.64;140.00;126.80;-;154.80;148.99;165.86
Aug 23, 2026 2:30 AM;Aug 23, 2026 2:45 AM;117.56;108.46;120.39;116.77;113.78;122.02;119.37;120.26;137.44;75.80;2.22;140.00;125.06;-;154.80;145.98;162.87
Aug 23, 2026 2:45 AM;Aug 23, 2026 3:00 AM;113.87;105.84;115.80;113.34;111.30;116.93;115.10;116.72;127.79;87.45;2.06;140.00;117.77;-;147.91;133.82;145.39
Aug 23, 2026 3:00 AM;Aug 23, 2026 3:15 AM;117.57;107.72;120.05;116.76;114.05;121.51;119.14;120.25;135.11;76.18;1.99;134.18;125.66;-;164.50;142.61;157.81
Aug 23, 2026 3:15 AM;Aug 23, 2026 3:30 AM;116.43;106.59;119.29;115.50;112.29;120.97;118.24;118.95;136.64;68.73;1.94;134.18;125.75;-;162.44;145.28;162.80
Aug 23, 2026 3:30 AM;Aug 23, 2026 3:45 AM;115.74;106.16;118.32;114.90;112.01;119.83;117.37;118.33;133.96;72.75;1.93;134.18;124.14;-;154.80;141.75;157.53
Aug 23, 2026 3:45 AM;Aug 23, 2026 4:00 AM;115.10;105.33;118.30;114.06;110.47;120.18;117.12;117.46;137.72;61.72;1.89;134.18;125.53;-;154.80;147.39;166.99
Aug 23, 2026 4:00 AM;Aug 23, 2026 4:15 AM;117.63;107.51;120.38;116.81;113.80;121.95;119.39;120.30;136.70;71.49;1.92;133.38;126.44;-;154.80;144.83;161.66
Aug 23, 2026 4:15 AM;Aug 23, 2026 4:30 AM;113.72;103.92;115.45;112.84;110.11;113.90;114.97;116.21;132.88;68.92;1.86;133.38;122.65;-;154.80;140.90;157.19
Aug 23, 2026 4:30 AM;Aug 23, 2026 4:45 AM;113.64;104.27;114.63;113.01;110.98;112.63;114.38;116.39;126.88;83.07;1.83;133.38;119.83;-;154.80;132.39;143.49
Aug 23, 2026 4:45 AM;Aug 23, 2026 5:00 AM;113.98;104.52;114.98;113.34;111.40;112.98;114.72;116.73;127.36;83.07;1.51;133.38;120.23;-;154.80;132.93;144.15
Aug 23, 2026 5:00 AM;Aug 23, 2026 5:15 AM;116.50;106.96;118.50;115.91;113.72;119.65;117.79;119.37;130.36;83.08;1.82;133.34;122.97;-;168.12;136.27;148.74
Aug 23, 2026 5:15 AM;Aug 23, 2026 5:30 AM;115.39;106.08;117.33;114.82;112.75;118.43;116.63;118.25;128.79;83.08;1.81;133.34;121.64;-;169.46;134.50;146.56
Aug 23, 2026 5:30 AM;Aug 23, 2026 5:45 AM;117.78;108.18;119.42;117.30;115.46;120.36;118.84;120.80;129.14;90.42;1.81;133.34;123.08;-;164.50;133.97;144.18
Aug 23, 2026 5:45 AM;Aug 23, 2026 6:00 AM;117.27;107.78;118.90;116.80;115.03;119.82;118.32;120.29;128.47;90.29;1.81;133.34;122.50;-;173.00;133.24;143.31
Aug 23, 2026 6:00 AM;Aug 23, 2026 6:15 AM;119.50;109.56;122.00;118.81;116.67;123.57;121.06;122.35;143.72;96.01;1.99;132.89;106.08;-;188.81;143.63;144.12
Aug 23, 2026 6:15 AM;Aug 23, 2026 6:30 AM;117.25;107.89;119.26;116.68;115.00;120.54;118.49;120.17;137.32;99.66;2.00;132.89;104.81;-;190.00;136.68;135.92
Aug 23, 2026 6:30 AM;Aug 23, 2026 6:45 AM;116.62;107.53;118.19;116.18;114.87;119.19;117.59;119.65;132.47;103.31;2.14;132.89;106.40;-;173.00;131.80;130.84
Aug 23, 2026 6:45 AM;Aug 23, 2026 7:00 AM;113.46;105.20;114.28;113.22;112.56;114.82;113.96;116.60;122.15;107.41;2.30;132.89;106.98;-;155.55;121.41;120.11
Aug 23, 2026 7:00 AM;Aug 23, 2026 7:15 AM;115.99;105.51;115.99;115.99;115.99;115.99;115.99;119.01;115.99;115.99;2.84;110.87;115.99;-;193.31;115.99;115.99
Aug 23, 2026 7:15 AM;Aug 23, 2026 7:30 AM;111.99;102.34;111.99;111.99;111.99;111.99;111.99;115.27;111.99;111.99;3.68;110.87;111.99;-;188.13;111.99;111.99
Aug 23, 2026 7:30 AM;Aug 23, 2026 7:45 AM;100.00;92.52;100.00;100.00;99.28;100.00;100.00;103.51;100.00;100.00;4.03;110.87;100.00;-;177.16;100.00;100.00
Aug 23, 2026 7:45 AM;Aug 23, 2026 8:00 AM;80.39;76.39;80.39;80.39;78.94;80.39;80.39;82.79;80.39;80.39;4.99;110.87;80.39;-;150.00;80.39;80.39
Aug 23, 2026 8:00 AM;Aug 23, 2026 8:15 AM;95.58;88.29;98.87;94.74;93.04;100.39;97.86;97.96;114.84;44.53;4.13;100.00;124.85;-;150.00;116.85;117.65
Aug 23, 2026 8:15 AM;Aug 23, 2026 8:30 AM;72.00;69.69;75.25;71.16;67.32;76.76;74.25;83.36;91.08;21.40;4.97;100.00;101.00;-;132.33;93.07;93.86
Aug 23, 2026 8:30 AM;Aug 23, 2026 8:45 AM;25.56;37.14;27.10;25.17;23.35;27.82;26.63;97.96;34.59;1.63;4.99;100.00;39.29;-;100.00;35.54;35.91
Aug 23, 2026 8:45 AM;Aug 23, 2026 9:00 AM;6.18;23.06;6.57;6.08;4.97;6.75;6.45;100.50;8.47;0.12;4.10;100.00;9.66;-;75.00;8.71;8.80
Aug 23, 2026 9:00 AM;Aug 23, 2026 9:15 AM;4.48;14.55;4.75;4.38;3.89;4.89;4.66;100.03;6.20;0.00;3.89;20.23;7.17;-;60.00;6.39;6.48
Aug 23, 2026 9:15 AM;Aug 23, 2026 9:30 AM;0.05;11.50;0.26;0.50;2.31;0.28;0.27;101.25;0.78;-2.89;2.31;20.23;1.23;-;34.71;0.85;0.84
Aug 23, 2026 9:30 AM;Aug 23, 2026 9:45 AM;-0.13;11.44;0.03;0.42;1.60;0.01;0.06;102.82;0.19;-2.07;2.03;20.23;0.47;-;30.00;0.22;0.18
Aug 23, 2026 9:45 AM;Aug 23, 2026 10:00 AM;-0.38;11.48;-0.08;0.00;1.60;0.00;-0.12;104.48;0.99;-4.82;2.00;20.23;1.99;-;63.52;1.13;1.16
Aug 23, 2026 10:00 AM;Aug 23, 2026 10:15 AM;-0.19;9.87;0.02;0.52;2.01;-0.01;0.06;108.15;0.20;-2.62;2.01;-2.30;0.56;-;31.00;0.24;0.19
Aug 23, 2026 10:15 AM;Aug 23, 2026 10:30 AM;-0.44;9.81;-0.11;0.36;2.00;-0.09;-0.10;108.98;0.62;-4.92;2.00;-2.30;1.48;-;31.00;0.73;0.72
Aug 23, 2026 10:30 AM;Aug 23, 2026 10:45 AM;-0.64;9.75;-0.18;0.23;1.99;-0.11;-0.19;109.46;1.15;-7.30;1.99;-2.30;2.55;-;14.00;1.33;1.36
Aug 23, 2026 10:45 AM;Aug 23, 2026 11:00 AM;-1.01;9.63;-0.34;0.00;1.99;-0.18;-0.39;110.22;1.93;-11.11;1.99;-2.30;4.17;-;14.00;2.23;2.31
Aug 23, 2026 11:00 AM;Aug 23, 2026 11:15 AM;-1.00;9.15;-0.64;0.10;2.00;-0.64;-0.61;107.32;0.06;-5.80;2.00;-4.00;0.82;-;14.00;0.20;0.30
Aug 23, 2026 11:15 AM;Aug 23, 2026 11:30 AM;-1.62;8.96;-1.08;0.92;2.00;-1.02;-1.07;107.83;0.29;-9.20;2.00;-4.00;1.90;-;14.00;0.48;0.51
Aug 23, 2026 11:30 AM;Aug 23, 2026 11:45 AM;-2.03;8.81;-1.29;1.30;1.99;-1.16;-1.32;107.91;0.96;-12.93;1.99;-4.00;3.41;-;13.00;1.26;1.35
Aug 23, 2026 11:45 AM;Aug 23, 2026 12:00 PM;-2.67;8.41;-1.90;0.66;1.93;-1.78;-1.91;108.37;0.31;-13.90;1.93;-4.00;2.78;-;13.00;0.61;0.67
Aug 23, 2026 12:00 PM;Aug 23, 2026 12:15 PM;-2.99;7.45;-2.16;1.75;1.81;-2.00;-2.19;107.00;0.36;-15.37;1.81;-9.03;0.00;-;12.00;1.73;4.00
Aug 23, 2026 12:15 PM;Aug 23, 2026 12:30 PM;-3.17;7.33;-2.29;1.77;1.81;-2.10;-2.32;107.05;0.49;-16.53;1.81;-9.03;0.00;-;12.00;2.00;4.55
Aug 23, 2026 12:30 PM;Aug 23, 2026 12:45 PM;-2.99;7.27;-2.25;1.57;1.60;-2.10;-2.26;107.09;0.00;-14.23;1.60;-9.03;-2.05;-;12.00;1.77;5.00
Aug 23, 2026 12:45 PM;Aug 23, 2026 1:00 PM;-2.99;7.26;-2.25;1.54;1.59;-2.10;-2.27;107.06;0.00;-14.24;1.59;-9.03;-2.04;-;12.00;1.77;5.00
Aug 23, 2026 1:00 PM;Aug 23, 2026 1:15 PM;-3.52;6.19;-2.72;1.57;1.59;-2.55;-2.73;107.74;-0.20;-15.99;1.59;-17.72;-2.49;-;12.00;1.78;5.39
Aug 23, 2026 1:15 PM;Aug 23, 2026 1:30 PM;-4.99;5.28;-4.05;1.57;1.59;-3.90;-4.04;107.57;-1.40;-19.09;1.59;-17.72;-4.00;-;12.00;0.78;4.76
Aug 23, 2026 1:30 PM;Aug 23, 2026 1:45 PM;-5.44;5.01;-4.50;1.54;1.59;-4.37;-4.47;107.42;-2.01;-19.38;1.59;-17.72;-4.57;-;12.00;0.12;3.99
Aug 23, 2026 1:45 PM;Aug 23, 2026 2:00 PM;-6.04;4.59;-5.04;1.46;1.51;-4.90;-5.00;107.12;-2.39;-20.90;1.51;-17.72;-5.13;-;12.00;-0.13;3.99
Aug 23, 2026 2:00 PM;Aug 23, 2026 2:15 PM;-6.21;4.81;-4.99;0.50;1.81;-4.75;-5.00;105.65;-1.28;-25.06;1.81;-11.07;-4.73;-;1.00;1.68;6.99
Aug 23, 2026 2:15 PM;Aug 23, 2026 2:30 PM;-5.07;5.55;-3.98;1.30;1.81;-3.74;-4.00;105.18;-0.53;-22.12;1.81;-11.07;-3.65;-;10.00;2.17;7.02
Aug 23, 2026 2:30 PM;Aug 23, 2026 2:45 PM;-3.04;6.59;-2.37;1.32;1.60;-2.25;-2.36;102.06;-0.43;-13.26;1.60;-11.07;-2.30;-;12.00;1.16;4.00
Aug 23, 2026 2:45 PM;Aug 23, 2026 3:00 PM;-2.61;6.96;-2.32;1.32;1.60;-2.10;-2.44;100.50;-0.31;-8.91;1.71;-11.07;-1.45;-;12.00;0.90;3.08
Aug 23, 2026 3:00 PM;Aug 23, 2026 3:15 PM;-2.01;8.68;-1.76;0.00;1.60;-1.58;-1.86;100.49;0.00;-7.24;1.89;5.00;-1.04;-;12.00;0.89;2.65
Aug 23, 2026 3:15 PM;Aug 23, 2026 3:30 PM;-1.73;8.76;-1.32;-0.01;1.60;-1.02;-1.49;100.49;1.59;-10.35;1.99;5.00;-0.12;-;12.00;3.05;5.95
Aug 23, 2026 3:30 PM;Aug 23, 2026 3:45 PM;-1.00;9.11;-0.49;0.00;1.60;-0.11;-0.69;100.49;3.17;-11.80;2.03;5.00;1.01;-;12.00;4.99;8.62
Aug 23, 2026 3:45 PM;Aug 23, 2026 4:00 PM;-1.17;9.95;-0.58;0.00;2.10;-0.11;-0.80;100.50;7.94;-9.70;2.48;5.00;2.59;-;12.00;7.94;11.04
Aug 23, 2026 4:00 PM;Aug 23, 2026 4:15 PM;-1.03;15.96;-0.45;-0.03;2.14;-0.03;-0.67;110.03;5.57;-10.80;2.67;65.30;1.88;-;6.57;6.57;10.00
Aug 23, 2026 4:15 PM;Aug 23, 2026 4:30 PM;-1.00;15.38;-0.13;-0.05;2.18;-0.01;-0.44;110.18;7.27;-21.67;3.53;65.30;3.06;-;24.98;10.84;17.86
Aug 23, 2026 4:30 PM;Aug 23, 2026 4:45 PM;-0.10;17.87;0.84;0.35;2.20;-0.01;0.57;110.20;25.00;-22.53;4.25;65.30;10.36;-;25.00;25.00;33.22
Aug 23, 2026 4:45 PM;Aug 23, 2026 5:00 PM;0.00;30.94;3.12;1.56;3.97;-0.01;2.32;110.43;139.09;-45.00;5.50;65.30;54.11;-;65.00;117.44;137.38
Aug 23, 2026 5:00 PM;Aug 23, 2026 5:15 PM;0.07;35.41;1.26;1.02;5.55;-0.01;0.95;110.14;88.43;9.23;5.55;133.26;34.09;-;110.33;88.43;74.69
Aug 23, 2026 5:15 PM;Aug 23, 2026 5:30 PM;10.71;45.03;10.87;11.37;8.20;-0.01;11.12;111.07;133.27;8.94;8.20;133.26;59.02;-;133.27;133.27;123.27
Aug 23, 2026 5:30 PM;Aug 23, 2026 5:45 PM;70.68;79.23;61.94;69.68;70.67;-0.01;65.51;111.18;164.80;62.70;22.70;133.26;109.10;-;164.80;164.80;160.61
Aug 23, 2026 5:45 PM;Aug 23, 2026 6:00 PM;112.04;103.68;97.38;109.83;110.76;0.00;103.17;118.16;192.00;95.14;34.96;133.26;145.84;-;192.00;192.00;193.40
Aug 23, 2026 6:00 PM;Aug 23, 2026 6:15 PM;104.20;98.85;101.11;101.91;99.03;0.00;102.43;130.54;155.00;96.06;31.24;146.11;123.90;-;155.00;167.71;189.75
Aug 23, 2026 6:15 PM;Aug 23, 2026 6:30 PM;129.33;122.30;115.01;126.83;127.25;22.03;120.85;139.44;185.53;109.98;101.36;146.11;150.88;-;185.53;185.93;194.16
Aug 23, 2026 6:30 PM;Aug 23, 2026 6:45 PM;161.71;150.06;149.07;159.68;160.37;69.20;154.20;144.57;200.32;148.39;140.21;146.11;178.55;-;200.32;200.32;204.15
Aug 23, 2026 6:45 PM;Aug 23, 2026 7:00 PM;182.45;172.88;180.84;181.77;180.90;165.91;181.56;150.25;202.36;164.54;156.60;146.11;190.87;-;203.74;203.74;209.82
Aug 23, 2026 7:00 PM;Aug 23, 2026 7:15 PM;165.07;158.51;158.91;163.74;164.23;122.29;161.25;156.31;193.31;160.87;122.75;162.49;177.41;-;193.31;193.31;194.96
Aug 23, 2026 7:15 PM;Aug 23, 2026 7:30 PM;177.63;166.51;167.47;176.05;177.52;109.99;171.41;162.74;190.00;182.54;147.83;162.49;183.59;-;190.00;190.00;187.50
Aug 23, 2026 7:30 PM;Aug 23, 2026 7:45 PM;189.05;177.86;181.72;187.91;188.96;140.21;184.57;164.64;196.57;192.36;164.22;162.49;192.81;-;196.80;196.80;195.01
Aug 23, 2026 7:45 PM;Aug 23, 2026 8:00 PM;189.05;172.76;180.44;187.72;188.95;131.71;183.78;170.02;198.25;144.85;158.58;162.49;193.60;-;198.44;198.44;196.31
Aug 23, 2026 8:00 PM;Aug 23, 2026 8:15 PM;188.40;175.41;178.67;186.67;187.93;125.00;182.39;170.90;194.44;174.30;158.58;178.95;191.73;-;195.50;195.50;193.43
Aug 23, 2026 8:15 PM;Aug 23, 2026 8:30 PM;187.17;175.86;181.42;186.17;187.04;150.00;183.61;172.69;195.49;166.01;142.22;178.95;190.89;-;195.07;195.07;193.51
Aug 23, 2026 8:30 PM;Aug 23, 2026 8:45 PM;185.37;175.21;180.44;184.51;185.21;153.38;182.32;173.06;190.87;177.51;133.06;178.95;187.96;-;190.87;190.87;189.65
Aug 23, 2026 8:45 PM;Aug 23, 2026 9:00 PM;182.62;172.09;179.17;182.00;182.46;160.14;180.49;173.06;184.76;168.01;120.10;178.95;183.80;-;185.13;185.13;184.40
Aug 23, 2026 9:00 PM;Aug 23, 2026 9:15 PM;179.93;174.42;194.25;181.74;180.89;165.00;187.76;173.01;182.07;165.67;133.07;174.93;180.25;-;193.31;180.96;181.34
Aug 23, 2026 9:15 PM;Aug 23, 2026 9:30 PM;179.07;170.71;190.66;180.53;179.79;166.93;185.42;173.01;178.99;178.87;90.02;174.93;178.65;-;190.00;178.49;178.92
Aug 23, 2026 9:30 PM;Aug 23, 2026 9:45 PM;176.95;173.34;188.59;178.40;177.67;165.00;183.31;173.01;179.26;176.35;133.22;174.93;177.02;-;184.00;179.26;181.89
Aug 23, 2026 9:45 PM;Aug 23, 2026 10:00 PM;176.25;167.71;190.97;178.08;177.09;160.84;184.32;172.93;174.98;175.44;80.08;174.93;175.13;-;181.00;174.98;176.47
Aug 23, 2026 10:00 PM;Aug 23, 2026 10:15 PM;174.86;172.72;183.97;175.94;175.34;165.54;179.82;170.50;177.00;170.41;154.33;172.59;174.47;-;191.01;177.00;180.62
Aug 23, 2026 10:15 PM;Aug 23, 2026 10:30 PM;173.54;167.04;185.44;174.96;174.15;161.24;180.02;169.75;174.97;173.01;98.57;172.59;172.78;-;190.00;174.97;178.74
Aug 23, 2026 10:30 PM;Aug 23, 2026 10:45 PM;172.48;162.60;184.42;173.87;172.93;160.04;179.00;168.81;171.14;169.70;64.60;172.59;171.51;-;186.26;171.14;172.34
Aug 23, 2026 10:45 PM;Aug 23, 2026 11:00 PM;169.83;157.21;181.92;171.00;169.59;158.46;176.44;166.11;171.77;160.90;31.20;172.59;169.38;-;174.55;174.55;182.56
Aug 23, 2026 11:00 PM;Aug 23, 2026 11:15 PM;168.91;158.76;179.58;169.65;167.84;159.99;174.78;164.62;174.53;151.50;69.16;163.57;171.12;-;177.00;177.00;183.13
Aug 23, 2026 11:15 PM;Aug 23, 2026 11:30 PM;166.69;154.50;180.49;167.81;165.82;154.30;174.26;162.91;171.43;149.63;40.93;163.57;168.39;-;173.72;173.72;179.79
Aug 23, 2026 11:30 PM;Aug 23, 2026 11:45 PM;166.12;152.57;179.16;167.01;164.76;155.30;173.29;162.18;173.23;144.32;26.57;163.57;168.93;-;176.20;176.33;184.00
Aug 23, 2026 11:45 PM;Aug 24, 2026 12:00 AM;160.08;146.24;173.43;161.10;159.03;148.45;167.41;156.40;165.70;141.36;9.98;163.57;162.20;-;165.70;168.28;174.91
Aug 24, 2026 12:00 AM;Aug 24, 2026 12:15 AM;164.69;151.74;167.26;163.97;162.10;164.00;166.27;159.02;182.55;147.69;42.91;148.20;165.20;-;221.11;187.00;197.00
Aug 24, 2026 12:15 AM;Aug 24, 2026 12:30 AM;162.16;148.66;163.34;161.08;159.06;161.67;162.88;156.21;183.46;142.57;33.69;148.20;163.06;-;198.42;188.74;200.26
Aug 24, 2026 12:30 AM;Aug 24, 2026 12:45 AM;161.58;148.46;160.10;160.48;159.37;146.58;160.64;155.54;177.92;148.55;52.66;148.20;163.06;-;202.10;181.99;189.59
Aug 24, 2026 12:45 AM;Aug 24, 2026 1:00 AM;155.29;143.13;179.99;158.03;155.71;100.83;170.98;153.14;156.60;148.47;49.54;148.20;152.89;-;198.37;157.54;161.35
Aug 24, 2026 1:00 AM;Aug 24, 2026 1:15 AM;160.04;147.43;159.43;159.36;158.51;151.85;159.66;154.47;171.51;150.47;49.55;145.92;161.05;-;193.31;174.35;179.87
Aug 24, 2026 1:15 AM;Aug 24, 2026 1:30 AM;154.13;141.75;159.99;154.50;153.60;136.99;157.88;149.71;158.99;149.90;40.18;145.92;151.63;-;189.69;165.72;182.91
Aug 24, 2026 1:30 AM;Aug 24, 2026 1:45 AM;149.59;138.48;159.36;150.67;149.77;128.01;155.84;145.91;149.94;147.11;42.34;145.92;148.38;-;190.00;150.85;153.80
Aug 24, 2026 1:45 AM;Aug 24, 2026 2:00 AM;146.73;133.89;158.18;147.90;146.99;94.83;154.08;143.81;148.74;144.88;42.35;145.92;145.12;-;187.00;152.68;161.95
Aug 24, 2026 2:00 AM;Aug 24, 2026 2:15 AM;148.20;137.82;155.00;148.66;147.47;141.90;152.50;143.96;153.84;140.79;39.32;145.00;147.59;-;174.00;155.36;159.60
Aug 24, 2026 2:15 AM;Aug 24, 2026 2:30 AM;147.50;135.07;154.30;147.86;146.88;112.35;151.84;143.36;154.44;141.08;40.92;145.00;147.79;-;166.00;156.41;159.95
Aug 24, 2026 2:30 AM;Aug 24, 2026 2:45 AM;147.83;137.45;160.57;149.03;147.34;133.90;155.89;144.32;152.32;139.69;37.52;145.00;146.41;-;177.83;153.68;158.33
Aug 24, 2026 2:45 AM;Aug 24, 2026 3:00 AM;148.00;135.33;160.20;149.04;147.62;107.40;155.76;144.34;153.70;140.99;37.10;145.00;147.50;-;166.00;155.47;159.33
Aug 24, 2026 3:00 AM;Aug 24, 2026 3:15 AM;149.54;135.99;149.59;148.92;148.57;106.01;149.61;144.26;159.26;143.86;49.52;145.00;151.26;-;161.85;161.85;164.92
Aug 24, 2026 3:15 AM;Aug 24, 2026 3:30 AM;149.94;136.72;155.20;149.88;148.85;106.40;153.30;145.12;160.61;141.35;47.38;145.00;150.88;-;166.00;163.52;168.29
Aug 24, 2026 3:30 AM;Aug 24, 2026 3:45 AM;148.36;131.97;153.90;148.28;147.97;47.58;151.97;143.68;158.08;144.79;59.60;145.00;150.82;-;162.11;161.02;162.61
Aug 24, 2026 3:45 AM;Aug 24, 2026 4:00 AM;147.10;128.44;155.82;147.41;147.43;0.01;152.77;143.13;155.14;147.28;68.56;145.00;150.27;-;159.00;157.92;157.13
Aug 24, 2026 4:00 AM;Aug 24, 2026 4:15 AM;147.16;130.78;147.59;146.96;147.20;86.04;147.46;141.89;151.48;147.57;27.67;145.70;149.05;-;164.20;152.83;152.33
Aug 24, 2026 4:15 AM;Aug 24, 2026 4:30 AM;149.00;132.00;151.04;148.94;148.93;89.14;150.31;144.34;154.04;148.04;20.90;145.70;150.64;-;163.38;155.59;155.89
Aug 24, 2026 4:30 AM;Aug 24, 2026 4:45 AM;151.54;134.29;149.99;151.05;151.43;89.80;150.59;146.40;156.99;151.75;29.62;145.70;153.83;-;158.59;158.59;158.20
Aug 24, 2026 4:45 AM;Aug 24, 2026 5:00 AM;157.49;140.27;149.29;156.25;157.29;106.01;152.35;151.48;162.78;155.47;45.81;145.70;160.54;-;164.20;164.20;162.67
Aug 24, 2026 5:00 AM;Aug 24, 2026 5:15 AM;152.50;136.38;144.59;151.32;152.34;110.34;147.60;146.71;156.99;154.81;27.69;152.49;155.28;-;158.15;158.15;156.63
Aug 24, 2026 5:15 AM;Aug 24, 2026 5:30 AM;166.85;148.14;154.89;165.41;166.61;118.90;160.91;156.39;172.37;148.97;63.00;152.49;169.57;-;175.10;175.10;177.01
Aug 24, 2026 5:30 AM;Aug 24, 2026 5:45 AM;179.34;161.12;165.49;177.70;179.11;124.00;172.45;156.43;185.44;148.97;127.14;152.49;183.13;-;187.00;187.00;184.94
Aug 24, 2026 5:45 AM;Aug 24, 2026 6:00 AM;191.99;167.33;175.46;190.03;191.70;125.93;183.77;156.70;199.26;140.65;128.10;152.49;196.51;-;201.13;201.13;198.67
Aug 24, 2026 6:00 AM;Aug 24, 2026 6:15 AM;180.77;162.53;167.21;181.50;181.39;134.59;176.35;149.42;202.78;156.81;66.88;184.94;185.96;-;202.78;192.88;193.57
Aug 24, 2026 6:15 AM;Aug 24, 2026 6:30 AM;196.38;179.66;181.59;197.06;196.77;145.95;191.53;151.33;211.34;194.07;122.38;184.94;199.25;-;215.43;203.28;204.57
Aug 24, 2026 6:30 AM;Aug 24, 2026 6:45 AM;222.35;193.51;188.23;222.52;221.64;152.00;213.71;151.34;210.33;217.11;150.48;184.94;216.26;-;210.33;209.10;212.84
Aug 24, 2026 6:45 AM;Aug 24, 2026 7:00 AM;223.18;198.02;200.17;223.60;222.61;154.71;216.10;154.10;211.33;218.02;175.44;184.94;217.16;-;226.30;210.16;213.81
Aug 24, 2026 7:00 AM;Aug 24, 2026 7:15 AM;233.26;211.36;225.18;235.68;234.07;163.18;232.91;164.22;219.98;227.81;205.15;189.98;226.83;-;218.50;218.50;223.07
Aug 24, 2026 7:15 AM;Aug 24, 2026 7:30 AM;220.85;203.76;214.64;222.86;221.65;165.00;220.71;164.16;213.13;217.48;194.98;189.98;216.76;-;220.35;211.16;214.65
Aug 24, 2026 7:30 AM;Aug 24, 2026 7:45 AM;192.17;191.42;202.97;194.72;194.08;167.52;200.00;164.96;204.92;196.17;194.25;189.98;196.06;-;209.48;199.69;200.27
Aug 24, 2026 7:45 AM;Aug 24, 2026 8:00 AM;179.32;177.18;181.00;180.07;179.68;167.03;181.06;160.19;177.90;173.62;179.96;189.98;178.49;-;206.47;177.42;178.14
Aug 24, 2026 8:00 AM;Aug 24, 2026 8:15 AM;204.10;195.53;225.00;207.14;205.62;178.66;217.88;169.82;204.97;195.76;169.39;173.45;203.19;-;215.87;202.53;203.84
Aug 24, 2026 8:15 AM;Aug 24, 2026 8:30 AM;180.13;175.50;188.25;181.28;180.64;170.00;185.48;168.98;178.00;149.71;175.86;173.45;178.88;-;198.37;177.80;178.41
Aug 24, 2026 8:30 AM;Aug 24, 2026 8:45 AM;170.39;163.54;178.74;171.57;170.90;159.97;175.89;160.38;168.20;117.16;153.62;173.45;169.10;-;187.00;167.99;168.62
Aug 24, 2026 8:45 AM;Aug 24, 2026 9:00 AM;152.50;150.21;163.81;154.10;153.19;138.40;159.95;155.53;149.54;114.16;139.45;173.45;150.76;-;166.33;149.26;150.11
Aug 24, 2026 9:00 AM;Aug 24, 2026 9:15 AM;175.00;158.74;167.22;173.82;174.78;134.90;169.99;159.53;180.41;104.89;167.61;134.81;178.18;-;214.12;181.75;179.72
Aug 24, 2026 9:15 AM;Aug 24, 2026 9:30 AM;150.19;140.89;155.01;150.71;150.39;102.39;153.60;151.89;151.65;103.96;144.36;134.81;151.00;-;198.37;152.49;151.64
Aug 24, 2026 9:30 AM;Aug 24, 2026 9:45 AM;126.70;126.56;159.04;130.99;128.62;86.26;148.38;142.48;117.92;103.96;118.29;134.81;121.41;-;191.95;117.12;119.56
Aug 24, 2026 9:45 AM;Aug 24, 2026 10:00 AM;113.49;115.18;164.27;120.23;118.05;50.00;147.53;130.55;99.71;104.43;92.24;134.81;105.19;-;176.52;98.45;102.28
Aug 24, 2026 10:00 AM;Aug 24, 2026 10:15 AM;136.35;121.58;126.94;134.96;134.28;80.01;130.08;138.13;144.17;97.93;103.89;106.00;140.97;-;168.81;146.04;143.31
Aug 24, 2026 10:15 AM;Aug 24, 2026 10:30 AM;119.76;106.42;106.22;117.69;119.34;39.17;110.72;129.51;129.03;97.70;89.68;106.00;125.61;-;171.19;132.32;128.48
Aug 24, 2026 10:30 AM;Aug 24, 2026 10:45 AM;110.24;97.20;95.45;107.98;109.79;22.14;100.36;125.04;120.38;78.90;86.56;106.00;116.64;-;164.01;123.97;119.78
Aug 24, 2026 10:45 AM;Aug 24, 2026 11:00 AM;83.94;83.78;71.25;82.43;84.31;5.88;75.59;120.91;105.41;91.56;83.68;106.00;94.53;-;175.50;104.63;100.40
Aug 24, 2026 11:00 AM;Aug 24, 2026 11:15 AM;104.54;94.38;84.02;102.07;104.79;11.58;92.46;120.94;136.64;104.12;83.62;77.82;120.11;-;173.53;134.33;128.60
Aug 24, 2026 11:15 AM;Aug 24, 2026 11:30 AM;82.30;81.46;65.21;80.57;83.08;3.43;72.35;119.06;118.82;94.20;82.32;77.82;99.24;-;170.87;113.92;108.68
Aug 24, 2026 11:30 AM;Aug 24, 2026 11:45 AM;74.15;75.14;58.87;72.70;75.01;3.24;65.29;113.63;109.59;85.58;74.33;77.82;90.43;-;164.77;104.35;99.53
Aug 24, 2026 11:45 AM;Aug 24, 2026 12:00 PM;60.05;66.04;47.85;59.23;61.33;1.95;53.08;116.26;98.73;72.12;60.78;77.82;77.25;-;164.54;91.37;87.03
Aug 24, 2026 12:00 PM;Aug 24, 2026 12:15 PM;62.04;69.26;58.52;62.49;63.61;36.89;59.88;120.98;97.49;72.28;62.76;50.11;76.83;-;153.65;88.13;85.60
Aug 24, 2026 12:15 PM;Aug 24, 2026 12:30 PM;52.84;62.11;46.94;53.86;54.83;12.72;49.13;121.42;100.38;66.66;54.38;50.11;72.82;-;153.65;88.31;84.65
Aug 24, 2026 12:30 PM;Aug 24, 2026 12:45 PM;57.68;66.13;53.69;58.38;59.42;29.31;55.23;122.17;97.23;69.11;58.59;50.11;74.19;-;150.00;86.81;83.98
Aug 24, 2026 12:45 PM;Aug 24, 2026 1:00 PM;49.97;59.67;40.85;52.17;53.10;1.08;44.08;121.44;103.04;65.57;52.46;50.11;72.47;-;147.49;90.17;85.74
Aug 24, 2026 1:00 PM;Aug 24, 2026 1:15 PM;48.81;59.69;40.18;53.77;54.73;1.08;43.38;125.06;103.75;65.03;54.02;43.50;72.14;-;146.39;90.31;85.82
Aug 24, 2026 1:15 PM;Aug 24, 2026 1:30 PM;40.64;59.59;34.25;59.14;60.20;1.08;36.86;126.60;109.19;60.54;54.91;43.50;69.23;-;150.00;90.74;86.11
Aug 24, 2026 1:30 PM;Aug 24, 2026 1:45 PM;27.00;59.73;24.59;67.81;69.03;1.00;26.18;127.00;122.13;55.05;54.10;43.50;66.60;-;152.63;100.71;91.76
Aug 24, 2026 1:45 PM;Aug 24, 2026 2:00 PM;20.13;56.91;19.18;62.15;61.01;0.52;20.13;126.57;123.05;51.93;54.12;43.50;63.80;-;151.38;109.91;94.27
Aug 24, 2026 2:00 PM;Aug 24, 2026 2:15 PM;31.67;56.66;28.15;53.77;54.73;4.01;29.81;126.71;104.33;54.08;54.01;50.90;62.79;-;146.37;96.80;84.68
Aug 24, 2026 2:15 PM;Aug 24, 2026 2:30 PM;39.89;60.38;33.99;56.62;57.63;1.00;36.41;126.67;110.48;62.63;56.86;50.90;71.00;-;146.37;109.65;94.05
Aug 24, 2026 2:30 PM;Aug 24, 2026 2:45 PM;33.63;63.20;33.63;61.37;62.47;24.63;33.63;126.45;113.94;59.70;60.02;50.90;68.42;-;151.89;113.94;95.60
Aug 24, 2026 2:45 PM;Aug 24, 2026 3:00 PM;37.44;74.81;37.99;88.38;86.76;30.35;37.44;127.07;145.70;72.73;61.37;50.90;84.22;-;150.00;145.70;121.00
Aug 24, 2026 3:00 PM;Aug 24, 2026 3:15 PM;50.24;72.14;50.73;63.12;63.56;48.39;50.29;121.46;99.78;65.89;60.01;99.38;70.92;-;151.31;98.68;88.01
Aug 24, 2026 3:15 PM;Aug 24, 2026 3:30 PM;59.01;77.94;49.64;78.65;80.07;9.97;52.17;125.95;127.53;81.35;63.96;99.38;88.69;-;154.73;127.53;112.00
Aug 24, 2026 3:30 PM;Aug 24, 2026 3:45 PM;84.32;88.64;68.28;92.15;90.45;2.99;73.29;124.03;132.77;97.93;87.21;99.38;106.59;-;159.00;132.77;122.67
Aug 24, 2026 3:45 PM;Aug 24, 2026 4:00 PM;96.42;98.72;79.42;106.28;104.32;9.49;84.62;128.39;154.55;104.43;91.16;99.38;123.91;-;160.00;154.55;144.94
Aug 24, 2026 4:00 PM;Aug 24, 2026 4:15 PM;71.89;87.18;56.82;93.87;92.14;0.51;60.16;120.06;133.85;97.92;77.09;127.30;99.23;-;172.30;133.85;119.66
Aug 24, 2026 4:15 PM;Aug 24, 2026 4:30 PM;99.39;101.00;86.86;99.39;99.78;34.03;90.88;124.38;137.26;104.42;88.50;127.30;118.19;-;190.00;144.32;133.92
Aug 24, 2026 4:30 PM;Aug 24, 2026 4:45 PM;110.25;113.30;102.09;111.73;110.99;64.99;104.62;130.15;155.65;112.70;92.68;127.30;133.40;-;195.27;171.57;155.65
Aug 24, 2026 4:45 PM;Aug 24, 2026 5:00 PM;126.82;129.00;123.10;127.58;129.90;102.34;124.51;137.24;177.80;103.30;112.78;127.30;153.19;-;198.37;198.37;184.75
Aug 24, 2026 5:00 PM;Aug 24, 2026 5:15 PM;112.65;116.50;100.79;113.12;115.18;45.43;105.10;131.95;165.29;116.01;113.56;143.70;131.38;-;193.31;193.31;190.52
Aug 24, 2026 5:15 PM;Aug 24, 2026 5:30 PM;130.40;135.02;125.27;130.79;133.18;98.00;127.32;140.48;172.98;135.80;133.02;143.70;144.69;-;205.03;205.03;202.93
Aug 24, 2026 5:30 PM;Aug 24, 2026 5:45 PM;156.43;156.14;150.18;156.29;159.16;119.96;152.53;149.53;188.69;170.95;159.39;143.70;167.21;-;209.21;209.21;209.21
Aug 24, 2026 5:45 PM;Aug 24, 2026 6:00 PM;174.36;170.93;168.06;173.69;176.89;136.43;168.06;158.73;204.97;187.15;177.35;143.70;185.25;-;219.06;219.06;218.09
Aug 24, 2026 6:00 PM;Aug 24, 2026 6:15 PM;155.96;156.53;141.58;157.61;160.50;108.34;150.93;152.55;188.31;170.54;159.24;165.94;166.26;-;217.88;217.88;214.94
Aug 24, 2026 6:15 PM;Aug 24, 2026 6:30 PM;173.53;174.93;165.16;174.01;177.21;159.20;168.39;164.91;200.92;186.92;177.38;165.94;184.20;-;233.66;233.66;225.07
Aug 24, 2026 6:30 PM;Aug 24, 2026 6:45 PM;184.38;185.09;182.31;185.05;188.45;182.31;183.68;168.55;206.41;195.22;188.03;165.94;190.06;-;228.85;228.85;232.48
Aug 24, 2026 6:45 PM;Aug 24, 2026 7:00 PM;215.47;207.99;200.67;216.14;220.15;192.61;211.98;170.77;240.00;225.30;221.17;165.94;223.21;-;240.00;244.25;244.25
Aug 24, 2026 7:00 PM;Aug 24, 2026 7:15 PM;188.30;191.11;171.49;189.58;193.07;162.77;184.81;173.38;232.26;212.69;191.61;190.20;200.30;-;233.66;233.66;247.49
Aug 24, 2026 7:15 PM;Aug 24, 2026 7:30 PM;209.39;206.59;192.97;210.86;214.73;183.96;206.08;174.06;240.00;244.92;192.50;190.20;222.19;-;240.00;240.00;243.72
Aug 24, 2026 7:30 PM;Aug 24, 2026 7:45 PM;229.87;218.45;207.16;231.32;235.57;194.06;224.93;175.66;242.99;263.26;200.01;190.20;237.74;-;242.99;242.99;245.67
Aug 24, 2026 7:45 PM;Aug 24, 2026 8:00 PM;249.92;226.71;217.52;251.24;255.86;198.43;242.42;173.80;244.78;273.41;195.72;190.20;250.38;-;244.78;245.30;250.83
Aug 24, 2026 8:00 PM;Aug 24, 2026 8:15 PM;239.90;227.03;200.18;243.54;248.01;176.42;232.00;173.90;242.99;344.45;192.31;190.96;252.60;-;242.99;250.30;263.64
Aug 24, 2026 8:15 PM;Aug 24, 2026 8:30 PM;224.86;218.59;189.30;228.46;232.67;167.95;218.01;176.90;229.33;332.30;200.18;190.96;238.43;-;233.66;237.10;250.23
Aug 24, 2026 8:30 PM;Aug 24, 2026 8:45 PM;216.36;214.32;192.05;219.45;223.49;177.40;212.11;176.73;222.69;315.55;200.03;190.96;227.06;-;233.66;233.66;254.10
Aug 24, 2026 8:45 PM;Aug 24, 2026 9:00 PM;196.99;205.39;192.07;199.58;203.25;188.90;197.48;176.27;208.45;297.45;200.01;190.96;204.90;-;226.69;226.69;262.14
Aug 24, 2026 9:00 PM;Aug 24, 2026 9:15 PM;199.00;204.40;197.74;200.62;204.31;197.12;199.70;173.44;218.17;262.23;194.43;188.29;212.38;-;220.47;220.47;225.01
Aug 24, 2026 9:15 PM;Aug 24, 2026 9:30 PM;193.23;201.48;195.03;194.55;198.12;197.03;194.33;173.35;233.66;239.74;190.24;188.29;211.97;-;233.66;233.66;231.04
Aug 24, 2026 9:30 PM;Aug 24, 2026 9:45 PM;183.05;187.44;183.89;183.53;186.90;185.42;183.41;173.33;204.93;191.70;187.10;188.29;193.35;-;227.18;227.18;208.82
Aug 24, 2026 9:45 PM;Aug 24, 2026 10:00 PM;176.83;178.35;177.16;177.04;180.28;177.76;176.99;169.95;178.96;179.93;175.83;188.29;179.67;-;199.74;199.74;186.59
Aug 24, 2026 10:00 PM;Aug 24, 2026 10:15 PM;176.54;182.87;177.17;175.94;179.17;180.81;175.72;167.94;225.67;193.57;178.14;168.09;189.40;-;225.67;225.67;250.31
Aug 24, 2026 10:15 PM;Aug 24, 2026 10:30 PM;173.52;176.26;174.16;173.10;174.28;176.95;173.04;165.08;209.98;187.49;157.99;168.09;178.69;-;211.41;211.41;245.05
Aug 24, 2026 10:30 PM;Aug 24, 2026 10:45 PM;169.99;173.50;170.50;169.65;170.61;172.73;169.61;162.35;199.00;181.12;170.73;168.09;174.08;-;200.16;200.16;227.00
Aug 24, 2026 10:45 PM;Aug 24, 2026 11:00 PM;167.05;167.61;167.79;167.02;167.40;169.17;167.23;159.46;178.00;176.07;164.71;168.09;158.78;-;191.05;191.05;235.99
Aug 24, 2026 11:00 PM;Aug 24, 2026 11:15 PM;163.19;168.55;163.66;162.62;164.20;167.00;162.34;156.53;209.11;176.88;159.08;151.73;180.94;-;209.11;209.11;211.96
Aug 24, 2026 11:15 PM;Aug 24, 2026 11:30 PM;157.08;160.76;157.43;156.69;157.84;159.85;156.48;151.19;189.18;167.03;150.84;151.73;170.09;-;191.70;191.70;191.70
Aug 24, 2026 11:30 PM;Aug 24, 2026 11:45 PM;154.12;156.87;154.40;153.83;154.72;156.28;153.67;148.17;178.15;161.87;148.63;151.73;164.15;-;182.04;182.04;181.11
Aug 24, 2026 11:45 PM;Aug 25, 2026 12:00 AM;144.51;147.66;144.73;144.27;144.93;146.15;144.16;140.42;163.59;150.36;142.18;151.73;151.71;-;164.63;164.63;166.44
Aug 25, 2026 12:00 AM;Aug 25, 2026 12:15 AM;155.82;159.83;156.26;155.16;156.35;158.55;155.30;150.25;185.27;166.08;156.43;150.01;168.48;-;194.00;194.00;191.61
Aug 25, 2026 12:15 AM;Aug 25, 2026 12:30 AM;154.66;158.36;155.11;154.05;155.18;157.32;154.20;149.18;180.45;164.26;155.26;150.01;166.90;-;194.00;194.00;186.42
Aug 25, 2026 12:30 AM;Aug 25, 2026 12:45 AM;151.45;154.46;152.33;151.17;152.06;154.48;151.45;146.53;174.99;160.56;142.70;150.01;162.76;-;194.00;194.00;180.97
Aug 25, 2026 12:45 AM;Aug 25, 2026 1:00 AM;147.43;151.33;148.36;147.13;148.08;150.61;147.43;143.30;174.97;156.92;137.41;150.01;160.41;-;190.00;190.00;175.42
Aug 25, 2026 1:00 AM;Aug 25, 2026 1:15 AM;152.74;155.70;153.37;152.27;153.48;155.72;152.40;146.84;181.99;163.14;144.63;142.47;166.34;-;192.90;192.90;185.06
Aug 25, 2026 1:15 AM;Aug 25, 2026 1:30 AM;145.42;149.35;146.15;144.92;146.27;148.83;145.07;140.68;174.96;156.66;135.16;142.47;161.69;-;194.97;194.97;175.13
Aug 25, 2026 1:30 AM;Aug 25, 2026 1:45 AM;144.74;148.23;145.39;144.28;145.48;147.78;144.42;140.11;171.90;154.69;134.86;142.47;159.17;-;188.00;188.00;171.90
Aug 25, 2026 1:45 AM;Aug 25, 2026 2:00 AM;144.40;147.40;144.96;144.01;145.02;147.00;144.14;139.56;166.90;152.80;137.81;142.47;156.72;-;182.00;182.00;166.90
Aug 25, 2026 2:00 AM;Aug 25, 2026 2:15 AM;144.01;148.16;144.71;143.90;144.81;146.55;144.01;139.92;175.00;153.84;142.70;139.49;154.81;-;178.79;178.79;178.79
Aug 25, 2026 2:15 AM;Aug 25, 2026 2:30 AM;141.92;146.34;142.80;141.92;142.85;144.80;142.06;138.11;174.99;153.02;136.88;139.49;152.84;-;183.70;183.70;183.70
Aug 25, 2026 2:30 AM;Aug 25, 2026 2:45 AM;142.19;145.79;142.89;142.07;142.96;144.69;142.19;138.10;174.36;152.30;132.88;139.49;151.81;-;174.36;174.36;182.35
Aug 25, 2026 2:45 AM;Aug 25, 2026 3:00 AM;141.54;144.79;142.22;141.40;142.25;143.95;141.54;137.45;171.48;151.43;132.14;139.49;149.35;-;171.48;171.48;185.21
Aug 25, 2026 3:00 AM;Aug 25, 2026 3:15 AM;139.87;145.44;140.53;139.40;140.73;142.73;139.53;138.70;174.31;151.62;140.74;137.70;153.85;-;180.86;180.86;180.86
Aug 25, 2026 3:15 AM;Aug 25, 2026 3:30 AM;139.80;145.24;140.16;139.29;140.60;141.55;139.31;138.83;174.91;151.00;140.46;137.70;153.78;-;176.43;176.43;177.70
Aug 25, 2026 3:30 AM;Aug 25, 2026 3:45 AM;139.86;142.59;139.86;139.42;140.47;140.06;139.33;135.58;168.17;148.83;128.56;137.70;150.51;-;168.17;168.17;172.06
Aug 25, 2026 3:45 AM;Aug 25, 2026 4:00 AM;140.49;143.47;140.49;140.01;141.18;140.79;139.90;136.22;171.50;150.12;127.14;137.70;153.11;-;171.50;171.50;171.50
Aug 25, 2026 4:00 AM;Aug 25, 2026 4:15 AM;139.94;142.50;139.91;139.52;140.55;139.94;139.40;135.30;167.65;148.28;127.80;137.70;151.44;-;167.65;167.65;167.26
Aug 25, 2026 4:15 AM;Aug 25, 2026 4:30 AM;141.00;145.14;140.93;140.53;141.78;141.00;140.35;136.75;172.82;151.03;139.05;137.70;154.61;-;172.82;172.82;171.73
Aug 25, 2026 4:30 AM;Aug 25, 2026 4:45 AM;141.55;144.74;141.49;141.13;142.25;141.55;140.97;137.07;170.30;150.61;135.27;137.70;153.84;-;170.30;170.30;169.38
Aug 25, 2026 4:45 AM;Aug 25, 2026 5:00 AM;143.99;148.64;143.93;143.45;144.97;143.99;143.24;139.33;180.87;156.44;141.08;137.70;160.07;-;185.47;185.47;183.73
Aug 25, 2026 5:00 AM;Aug 25, 2026 5:15 AM;144.99;148.28;144.94;144.60;145.76;144.94;144.42;140.41;174.53;154.53;135.82;143.60;157.52;-;174.53;174.53;174.53
Aug 25, 2026 5:15 AM;Aug 25, 2026 5:30 AM;145.66;148.18;145.64;145.31;146.33;145.66;145.17;142.14;171.94;154.32;133.73;143.60;156.15;-;171.94;171.94;174.84
Aug 25, 2026 5:30 AM;Aug 25, 2026 5:45 AM;150.60;152.76;150.58;150.23;151.34;150.60;150.08;147.63;178.92;159.96;135.28;143.60;162.19;-;179.43;179.43;181.42
Aug 25, 2026 5:45 AM;Aug 25, 2026 6:00 AM;157.07;159.72;157.07;156.69;157.89;157.07;156.53;155.27;186.40;167.39;150.09;143.60;168.91;-;189.79;189.79;193.17
Aug 25, 2026 6:00 AM;Aug 25, 2026 6:15 AM;164.70;166.49;164.70;165.00;168.04;163.46;164.70;153.89;182.65;172.93;159.53;165.10;171.41;-;190.75;199.50;197.28
Aug 25, 2026 6:15 AM;Aug 25, 2026 6:30 AM;170.99;175.72;170.75;171.47;174.63;166.92;170.75;163.46;199.91;192.70;174.91;165.10;182.27;-;201.81;201.81;200.61
Aug 25, 2026 6:30 AM;Aug 25, 2026 6:45 AM;173.37;175.89;172.97;173.72;176.92;168.62;172.97;165.17;192.47;194.05;171.15;165.10;181.68;-;192.47;192.47;191.96
Aug 25, 2026 6:45 AM;Aug 25, 2026 7:00 AM;176.60;178.61;176.60;177.00;180.26;174.62;176.60;165.95;191.96;194.05;178.60;165.10;183.99;-;194.97;194.97;191.84
Aug 25, 2026 7:00 AM;Aug 25, 2026 7:15 AM;184.84;185.33;182.81;182.73;186.94;177.00;181.24;166.81;202.46;203.48;187.65;174.10;193.42;-;200.00;200.00;200.00
Aug 25, 2026 7:15 AM;Aug 25, 2026 7:30 AM;185.05;184.94;186.31;184.62;188.03;185.05;182.05;168.05;199.98;189.31;186.06;174.10;190.76;-;199.98;198.22;195.84
Aug 25, 2026 7:30 AM;Aug 25, 2026 7:45 AM;181.76;180.47;183.33;181.30;184.64;183.33;178.88;168.07;188.03;183.37;176.08;174.10;184.04;-;188.33;186.33;185.87
Aug 25, 2026 7:45 AM;Aug 25, 2026 8:00 AM;170.99;171.77;176.76;169.25;172.35;177.00;160.48;166.63;181.46;173.64;162.94;174.10;174.90;-;188.98;178.85;177.91
Aug 25, 2026 8:00 AM;Aug 25, 2026 8:15 AM;187.63;182.96;194.70;186.58;190.01;193.69;179.89;172.22;195.51;155.79;187.17;166.18;190.79;-;211.62;193.70;192.95
Aug 25, 2026 8:15 AM;Aug 25, 2026 8:30 AM;173.97;169.64;178.89;173.13;176.31;178.00;168.36;167.01;174.91;142.81;165.94;166.18;174.51;-;197.00;174.98;174.71
Aug 25, 2026 8:30 AM;Aug 25, 2026 8:45 AM;166.16;163.41;169.59;165.58;168.61;168.97;162.25;164.67;166.82;136.54;161.80;166.18;166.54;-;202.84;166.87;166.68
Aug 25, 2026 8:45 AM;Aug 25, 2026 9:00 AM;157.86;155.83;160.84;157.36;160.24;160.30;154.48;160.00;158.43;125.19;152.88;166.18;158.19;-;189.45;158.48;158.32
Aug 25, 2026 9:00 AM;Aug 25, 2026 9:15 AM;165.47;158.16;173.39;164.19;167.20;171.96;156.26;159.23;167.03;115.20;158.39;140.50;166.40;-;219.12;167.15;166.72
Aug 25, 2026 9:15 AM;Aug 25, 2026 9:30 AM;152.68;149.47;176.27;149.20;151.93;171.97;125.73;153.81;156.91;113.67;149.19;140.50;154.94;-;210.00;157.13;155.58
Aug 25, 2026 9:30 AM;Aug 25, 2026 9:45 AM;135.91;133.98;159.06;135.87;138.35;154.47;114.19;140.60;135.78;111.28;110.67;140.50;133.00;-;202.84;134.60;130.46
Aug 25, 2026 9:45 AM;Aug 25, 2026 10:00 AM;127.69;125.22;142.55;129.68;132.03;139.39;116.55;134.81;125.06;97.66;96.46;140.50;122.78;-;188.04;123.48;119.28
Aug 25, 2026 10:00 AM;Aug 25, 2026 10:15 AM;140.49;137.77;177.51;133.18;133.55;172.21;100.00;134.99;160.19;97.84;108.67;130.22;167.06;-;205.00;161.65;160.40
Aug 25, 2026 10:15 AM;Aug 25, 2026 10:30 AM;122.67;122.08;147.58;117.63;117.62;144.14;95.64;128.45;136.98;90.07;92.09;130.22;142.45;-;204.71;138.05;137.27
Aug 25, 2026 10:30 AM;Aug 25, 2026 10:45 AM;113.00;113.58;134.73;108.30;107.67;132.05;90.00;121.69;128.16;74.66;86.77;130.22;135.09;-;201.74;129.31;128.81
Aug 25, 2026 10:45 AM;Aug 25, 2026 11:00 AM;93.68;99.18;113.00;89.43;88.73;110.68;73.36;120.40;107.76;57.39;85.61;130.22;114.40;-;202.84;108.83;108.42
Aug 25, 2026 11:00 AM;Aug 25, 2026 11:15 AM;108.40;111.33;132.55;102.46;100.60;130.27;83.78;127.40;133.12;48.00;91.14;131.90;143.37;-;200.35;133.72;133.45
Aug 25, 2026 11:15 AM;Aug 25, 2026 11:30 AM;92.72;105.32;139.46;85.09;87.20;133.46;42.87;121.70;137.12;66.23;86.45;131.90;127.00;-;194.97;131.41;128.28
Aug 25, 2026 11:30 AM;Aug 25, 2026 11:45 AM;72.98;99.06;132.55;65.48;84.50;126.15;12.21;118.30;154.95;55.62;83.77;131.90;124.20;-;176.20;139.81;134.27
Aug 25, 2026 11:45 AM;Aug 25, 2026 12:00 PM;58.48;92.34;116.60;52.37;84.39;111.28;1.14;118.27;154.99;45.29;83.66;131.90;115.80;-;164.54;135.70;129.48
Aug 25, 2026 12:00 PM;Aug 25, 2026 12:15 PM;79.08;95.62;140.34;68.34;84.30;131.14;9.98;118.25;125.83;50.34;83.51;125.17;114.58;-;175.19;119.86;115.97
Aug 25, 2026 12:15 PM;Aug 25, 2026 12:30 PM;62.60;90.71;120.20;54.80;83.80;113.02;1.13;117.55;142.39;48.36;83.02;125.17;108.37;-;176.98;124.80;119.29
Aug 25, 2026 12:30 PM;Aug 25, 2026 12:45 PM;67.03;94.35;129.95;58.08;83.53;122.20;-0.01;117.15;153.98;46.14;82.75;125.17;118.94;-;174.96;135.44;129.58
Aug 25, 2026 12:45 PM;Aug 25, 2026 1:00 PM;59.92;92.65;117.51;53.56;83.40;110.89;0.00;116.98;158.20;62.56;82.62;125.17;108.21;-;166.22;133.26;126.48
Aug 25, 2026 1:00 PM;Aug 25, 2026 1:15 PM;69.99;96.61;135.02;61.42;81.74;127.03;-0.01;114.60;154.97;67.53;80.98;125.00;114.47;-;154.97;135.20;128.77
Aug 25, 2026 1:15 PM;Aug 25, 2026 1:30 PM;62.38;94.59;122.58;57.08;82.66;116.23;-0.01;116.00;163.68;61.35;81.90;125.00;114.00;-;163.68;138.58;131.66
Aug 25, 2026 1:30 PM;Aug 25, 2026 1:45 PM;58.53;92.25;114.74;59.17;82.21;108.58;0.00;115.36;154.14;72.49;81.45;125.00;101.60;-;154.14;128.72;121.78
Aug 25, 2026 1:45 PM;Aug 25, 2026 2:00 PM;57.93;92.33;113.41;58.62;83.25;107.21;0.00;116.87;152.48;79.30;82.48;125.00;97.03;-;152.48;126.82;120.27
Aug 25, 2026 2:00 PM;Aug 25, 2026 2:15 PM;56.63;91.72;112.33;62.99;81.65;106.51;0.00;114.49;154.57;68.99;80.85;125.00;101.59;-;154.57;128.64;121.69
Aug 25, 2026 2:15 PM;Aug 25, 2026 2:30 PM;60.02;93.25;116.65;63.04;82.13;110.55;2.00;115.19;154.92;74.80;81.32;125.00;100.13;-;154.92;131.05;126.19
Aug 25, 2026 2:30 PM;Aug 25, 2026 2:45 PM;73.79;100.19;133.44;68.22;84.23;126.28;11.08;118.18;156.89;85.94;83.40;125.00;109.48;-;156.89;136.97;132.45
Aug 25, 2026 2:45 PM;Aug 25, 2026 3:00 PM;83.41;105.93;131.90;85.49;87.04;126.14;32.68;122.08;155.66;99.78;86.18;125.00;113.33;-;155.66;136.75;131.78
Aug 25, 2026 3:00 PM;Aug 25, 2026 3:15 PM;67.26;99.63;124.90;70.94;87.01;118.09;6.67;122.19;157.40;91.88;86.25;127.71;102.90;-;149.49;132.17;124.99
Aug 25, 2026 3:15 PM;Aug 25, 2026 3:30 PM;78.57;106.00;130.00;84.82;88.52;124.19;24.99;123.91;163.23;98.30;87.77;127.71;112.52;-;149.31;140.13;134.22
Aug 25, 2026 3:30 PM;Aug 25, 2026 3:45 PM;92.24;110.13;126.88;92.24;91.74;121.89;58.90;128.00;155.58;98.72;90.97;127.71;118.84;-;149.12;139.80;137.38
Aug 25, 2026 3:45 PM;Aug 25, 2026 4:00 PM;101.92;118.63;138.22;101.92;102.14;115.03;90.32;130.01;174.00;99.91;93.04;127.71;132.64;-;156.15;156.15;156.47
Aug 25, 2026 4:00 PM;Aug 25, 2026 4:15 PM;91.07;109.49;121.37;91.07;91.05;94.60;64.94;127.92;170.29;96.22;90.26;129.71;127.00;-;155.02;155.02;151.54
Aug 25, 2026 4:15 PM;Aug 25, 2026 4:30 PM;111.50;119.96;126.55;109.57;111.48;113.94;100.10;130.87;170.00;95.01;92.80;129.71;139.51;-;170.00;170.00;167.19
Aug 25, 2026 4:30 PM;Aug 25, 2026 4:45 PM;118.01;128.19;138.60;118.01;117.99;124.46;114.94;134.87;177.91;105.73;103.04;129.71;144.81;-;176.62;176.62;174.78
Aug 25, 2026 4:45 PM;Aug 25, 2026 5:00 PM;137.03;144.91;155.64;136.52;137.03;147.00;130.11;141.02;193.66;130.28;131.74;129.71;161.25;-;181.24;193.66;193.66
Aug 25, 2026 5:00 PM;Aug 25, 2026 5:15 PM;118.68;131.70;142.83;120.42;120.03;118.25;122.53;139.99;176.53;120.89;106.54;137.70;142.96;-;176.53;176.53;168.77
Aug 25, 2026 5:15 PM;Aug 25, 2026 5:30 PM;138.70;146.11;150.58;139.60;139.05;138.70;141.50;148.94;185.03;136.77;135.00;137.70;154.29;-;185.03;185.03;197.09
Aug 25, 2026 5:30 PM;Aug 25, 2026 5:45 PM;159.85;164.33;174.58;161.45;161.97;159.85;162.18;160.22;199.99;162.63;156.72;137.70;170.37;-;199.99;199.99;207.73
Aug 25, 2026 5:45 PM;Aug 25, 2026 6:00 PM;170.98;174.94;178.91;172.36;175.52;170.98;172.93;165.27;210.27;185.03;175.79;137.70;179.62;-;210.27;210.27;224.37
Aug 25, 2026 6:00 PM;Aug 25, 2026 6:15 PM;154.99;160.83;165.12;155.74;158.59;123.01;155.53;159.09;198.42;170.53;153.88;164.01;165.24;-;198.42;198.94;217.23
Aug 25, 2026 6:15 PM;Aug 25, 2026 6:30 PM;172.00;173.86;176.60;172.45;175.61;157.82;172.32;165.32;199.99;183.53;168.70;164.01;176.07;-;198.99;203.99;224.38
Aug 25, 2026 6:30 PM;Aug 25, 2026 6:45 PM;186.91;187.75;193.21;187.36;190.81;186.91;186.91;168.62;209.64;195.87;191.44;164.01;190.46;-;201.27;211.73;227.12
Aug 25, 2026 6:45 PM;Aug 25, 2026 7:00 PM;201.23;199.19;202.33;201.54;204.37;203.25;201.23;169.99;223.63;209.23;205.32;164.01;206.16;-;220.00;223.63;234.08
Aug 25, 2026 7:00 PM;Aug 25, 2026 7:15 PM;193.07;193.26;193.27;193.32;196.88;193.07;193.21;175.00;205.26;201.03;197.54;180.13;197.17;-;205.26;205.26;207.83
Aug 25, 2026 7:15 PM;Aug 25, 2026 7:30 PM;205.65;202.73;205.81;205.76;209.56;206.01;205.74;184.89;211.12;208.51;204.68;180.13;207.84;-;210.00;210.00;209.82
Aug 25, 2026 7:30 PM;Aug 25, 2026 7:45 PM;219.86;214.57;220.07;220.00;220.22;220.40;219.97;186.99;229.46;222.35;217.29;180.13;223.42;-;227.18;227.18;226.62
Aug 25, 2026 7:45 PM;Aug 25, 2026 8:00 PM;218.65;213.61;218.88;218.79;219.02;219.24;218.76;186.96;228.31;221.26;216.11;180.13;222.30;-;227.18;227.18;225.79
Aug 25, 2026 8:00 PM;Aug 25, 2026 8:15 PM;200.32;201.06;200.58;200.57;204.26;200.58;200.50;186.97;209.78;208.42;204.91;191.50;203.54;-;209.78;209.56;212.51
Aug 25, 2026 8:15 PM;Aug 25, 2026 8:30 PM;212.58;208.77;212.67;212.65;212.76;212.72;212.65;188.55;213.76;215.12;210.82;191.50;213.27;-;213.76;213.76;213.90
Aug 25, 2026 8:30 PM;Aug 25, 2026 8:45 PM;211.73;208.15;211.84;211.80;211.93;212.01;211.79;186.99;216.74;213.04;208.43;191.50;213.58;-;216.74;215.55;215.26
Aug 25, 2026 8:45 PM;Aug 25, 2026 9:00 PM;195.94;196.48;199.12;195.75;196.28;199.16;193.57;178.23;209.95;200.24;196.75;191.50;200.69;-;211.64;210.31;209.95
Aug 25, 2026 9:00 PM;Aug 25, 2026 9:15 PM;192.10;195.11;194.05;192.61;193.42;195.69;192.10;177.55;222.42;203.40;194.10;178.75;202.13;-;242.99;242.99;232.06
Aug 25, 2026 9:15 PM;Aug 25, 2026 9:30 PM;186.95;191.24;195.23;186.41;189.85;195.39;180.90;174.90;218.38;197.86;190.52;178.75;195.46;-;229.15;229.15;228.37
Aug 25, 2026 9:30 PM;Aug 25, 2026 9:45 PM;178.93;182.54;188.43;178.01;179.19;187.78;171.26;169.18;203.12;186.65;179.79;178.75;185.75;-;207.18;207.18;207.18
Aug 25, 2026 9:45 PM;Aug 25, 2026 10:00 PM;171.99;172.43;173.03;172.21;172.61;173.85;171.99;165.61;187.87;164.30;162.93;178.75;173.58;-;194.97;194.97;203.54
Aug 25, 2026 10:00 PM;Aug 25, 2026 10:15 PM;175.87;175.44;180.07;175.07;176.55;181.65;172.40;166.86;210.00;153.94;158.40;167.14;187.74;-;210.00;210.00;216.64
Aug 25, 2026 10:15 PM;Aug 25, 2026 10:30 PM;172.57;169.66;175.02;172.05;173.16;176.49;170.64;164.75;199.99;140.94;144.93;167.14;181.11;-;199.99;199.99;208.69
Aug 25, 2026 10:30 PM;Aug 25, 2026 10:45 PM;176.25;174.63;204.12;172.50;175.42;200.39;151.97;164.56;202.26;129.93;169.02;167.14;183.63;-;202.26;202.26;214.84
Aug 25, 2026 10:45 PM;Aug 25, 2026 11:00 PM;164.38;166.40;182.69;161.94;164.04;180.86;148.75;158.27;187.79;164.38;146.58;167.14;168.00;-;191.07;191.07;211.79
Aug 25, 2026 11:00 PM;Aug 25, 2026 11:15 PM;167.84;171.31;181.84;165.88;168.25;181.70;155.89;159.14;206.34;159.00;170.96;153.19;182.20;-;206.34;204.76;209.71
Aug 25, 2026 11:15 PM;Aug 25, 2026 11:30 PM;161.33;165.55;166.58;160.51;161.98;167.74;157.10;155.08;192.45;172.39;163.80;153.19;170.24;-;192.45;191.91;204.44
Aug 25, 2026 11:30 PM;Aug 25, 2026 11:45 PM;161.29;162.87;170.16;159.21;158.97;171.02;155.03;152.83;195.00;146.72;148.60;153.19;180.87;-;195.00;192.54;201.74
Aug 25, 2026 11:45 PM;Aug 26, 2026 12:00 AM;148.18;148.93;149.78;146.73;145.17;151.90;148.56;143.04;178.00;123.34;128.35;153.19;170.13;-;178.00;175.10;179.82
Aug 26, 2026 12:00 AM;Aug 26, 2026 12:15 AM;180.19;175.44;181.10;179.77;179.54;182.41;180.44;161.71;197.97;176.17;139.11;164.81;186.84;-;197.97;197.97;202.91
Aug 26, 2026 12:15 AM;Aug 26, 2026 12:30 AM;165.74;166.03;166.77;165.21;165.35;168.70;165.85;158.08;194.00;164.90;135.52;164.81;177.09;-;194.00;190.72;194.95
Aug 26, 2026 12:30 AM;Aug 26, 2026 12:45 AM;157.29;155.65;158.12;156.95;156.36;158.91;157.67;152.64;166.00;150.08;130.77;164.81;159.82;-;171.60;169.09;174.92
Aug 26, 2026 12:45 AM;Aug 26, 2026 1:00 AM;152.89;152.31;153.07;152.78;152.91;153.52;152.86;148.90;160.05;153.82;126.75;164.81;155.92;-;164.82;158.54;158.87
Aug 26, 2026 1:00 AM;Aug 26, 2026 1:15 AM;161.06;157.56;161.82;160.77;160.10;162.37;161.48;154.12;166.00;153.19;131.26;160.10;161.97;-;170.01;170.01;175.54
Aug 26, 2026 1:15 AM;Aug 26, 2026 1:30 AM;156.44;153.52;157.21;156.13;155.40;157.76;156.87;150.92;161.33;147.69;127.41;160.10;157.87;-;171.60;165.17;170.39
Aug 26, 2026 1:30 AM;Aug 26, 2026 1:45 AM;156.64;153.66;157.04;156.49;156.11;157.32;156.86;151.23;159.14;152.29;126.40;160.10;157.24;-;164.94;161.18;163.97
Aug 26, 2026 1:45 AM;Aug 26, 2026 2:00 AM;154.09;151.47;154.40;153.97;153.66;154.63;154.26;148.97;156.07;150.60;124.90;160.10;154.60;-;171.09;157.67;159.85
Aug 26, 2026 2:00 AM;Aug 26, 2026 2:15 AM;152.29;148.85;153.40;151.85;150.83;154.21;152.90;147.08;159.32;140.38;123.10;150.79;153.50;-;173.97;165.40;173.66
Aug 26, 2026 2:15 AM;Aug 26, 2026 2:30 AM;151.95;148.58;153.01;151.54;150.57;153.78;152.53;146.78;158.63;140.64;123.06;150.79;153.10;-;179.12;164.41;172.25
Aug 26, 2026 2:30 AM;Aug 26, 2026 2:45 AM;151.23;147.85;152.31;150.81;149.82;153.10;151.82;146.13;158.06;139.66;121.40;150.79;152.41;-;172.84;163.97;171.98
Aug 26, 2026 2:45 AM;Aug 26, 2026 3:00 AM;151.10;147.55;152.11;150.70;149.77;152.85;151.66;146.04;157.51;140.26;119.20;150.79;152.20;-;191.71;163.04;170.55
Aug 26, 2026 3:00 AM;Aug 26, 2026 3:15 AM;149.78;146.42;151.07;149.23;148.03;152.03;150.47;144.70;158.09;135.65;123.21;146.99;151.16;-;178.50;165.29;175.09
Aug 26, 2026 3:15 AM;Aug 26, 2026 3:30 AM;148.95;145.90;150.33;148.37;147.08;151.36;149.69;143.92;157.83;133.85;125.10;146.99;150.43;-;189.19;165.53;176.00
Aug 26, 2026 3:30 AM;Aug 26, 2026 3:45 AM;150.01;146.82;151.19;149.51;148.41;152.07;150.64;144.94;157.60;137.09;125.32;146.99;151.27;-;178.26;164.19;173.14
Aug 26, 2026 3:45 AM;Aug 26, 2026 4:00 AM;149.66;146.57;150.74;149.21;148.20;151.54;150.24;144.66;156.60;137.87;125.38;146.99;150.82;-;183.41;162.62;170.80
Aug 26, 2026 4:00 AM;Aug 26, 2026 4:15 AM;149.86;146.69;150.91;149.44;148.47;151.68;150.43;144.87;156.53;138.49;124.84;146.95;150.98;-;184.65;162.30;170.14
Aug 26, 2026 4:15 AM;Aug 26, 2026 4:30 AM;150.39;146.81;151.32;150.01;149.14;152.01;150.90;145.40;156.36;140.21;121.18;146.95;151.39;-;179.00;161.52;168.54
Aug 26, 2026 4:30 AM;Aug 26, 2026 4:45 AM;151.95;147.73;152.55;151.51;150.63;151.98;152.30;146.75;158.52;141.23;119.44;146.95;153.15;-;178.26;164.07;171.46
Aug 26, 2026 4:45 AM;Aug 26, 2026 5:00 AM;154.83;149.90;155.27;154.41;153.59;154.33;155.10;149.36;161.05;144.83;117.96;146.95;156.00;-;175.61;166.26;173.16
Aug 26, 2026 5:00 AM;Aug 26, 2026 5:15 AM;150.58;149.08;150.60;150.03;149.63;148.63;150.46;147.21;165.90;144.12;122.37;155.00;155.95;-;193.55;168.03;174.09
Aug 26, 2026 5:15 AM;Aug 26, 2026 5:30 AM;156.97;152.46;158.48;156.30;155.12;159.85;157.69;150.72;171.23;142.73;109.28;155.00;160.71;-;185.61;177.78;188.83
Aug 26, 2026 5:30 AM;Aug 26, 2026 5:45 AM;163.26;160.79;164.56;162.62;162.40;166.57;163.55;155.47;190.99;158.51;115.17;155.00;173.84;-;200.00;190.10;196.74
Aug 26, 2026 5:45 AM;Aug 26, 2026 6:00 AM;171.05;172.11;170.00;170.30;171.08;165.61;169.98;164.13;207.84;174.77;157.84;155.00;186.71;-;207.84;201.43;203.57
Aug 26, 2026 6:00 AM;Aug 26, 2026 6:15 AM;173.79;175.71;174.15;173.64;173.58;173.79;173.90;166.14;200.00;173.79;163.82;180.00;180.00;-;200.00;198.81;199.00
Aug 26, 2026 6:15 AM;Aug 26, 2026 6:30 AM;185.50;186.41;183.73;185.33;185.90;175.04;184.37;170.13;213.77;189.84;186.50;180.00;195.88;-;213.77;208.13;208.00
Aug 26, 2026 6:30 AM;Aug 26, 2026 6:45 AM;190.07;189.73;188.87;190.07;190.60;183.34;189.32;174.58;207.21;194.78;191.44;180.00;196.85;-;207.21;205.66;202.59
Aug 26, 2026 6:45 AM;Aug 26, 2026 7:00 AM;191.16;190.64;189.36;191.06;191.65;181.19;190.03;176.94;210.64;196.12;191.55;180.00;198.53;-;210.64;205.55;204.09
Aug 26, 2026 7:00 AM;Aug 26, 2026 7:15 AM;199.35;200.08;196.67;199.58;200.70;185.00;197.66;175.94;229.51;209.61;201.63;190.95;213.67;-;229.51;225.66;223.68
Aug 26, 2026 7:15 AM;Aug 26, 2026 7:30 AM;198.92;198.37;197.61;199.07;199.66;192.01;198.10;178.34;215.01;204.39;200.42;190.95;206.55;-;215.01;212.92;211.90
Aug 26, 2026 7:30 AM;Aug 26, 2026 7:45 AM;194.48;193.27;194.45;194.56;194.68;194.51;194.45;178.88;198.06;195.68;193.60;190.95;196.16;-;213.00;197.52;197.35
Aug 26, 2026 7:45 AM;Aug 26, 2026 8:00 AM;189.40;187.90;189.40;189.40;189.41;189.40;189.40;178.96;189.40;189.40;181.83;190.95;189.40;-;207.84;189.40;189.40
Aug 26, 2026 8:00 AM;Aug 26, 2026 8:15 AM;212.12;205.81;212.12;212.12;212.10;212.12;212.12;200.50;212.12;183.58;211.28;183.71;212.12;-;212.27;212.12;212.12
Aug 26, 2026 8:15 AM;Aug 26, 2026 8:30 AM;204.49;200.85;204.49;204.49;204.47;204.49;204.49;192.65;204.49;197.86;203.72;183.71;204.49;-;209.52;204.49;204.49
Aug 26, 2026 8:30 AM;Aug 26, 2026 8:45 AM;186.55;185.40;186.55;186.55;186.54;186.55;186.55;177.28;186.55;186.55;185.99;183.71;186.55;-;204.50;186.55;186.55
Aug 26, 2026 8:45 AM;Aug 26, 2026 9:00 AM;170.92;170.96;170.92;170.92;170.92;170.92;170.92;167.36;170.92;170.92;162.17;183.71;170.92;-;173.71;170.92;170.92
Aug 26, 2026 9:00 AM;Aug 26, 2026 9:15 AM;191.26;186.46;191.50;191.23;191.19;191.48;191.08;169.94;191.47;190.77;187.78;163.01;191.56;-;191.48;191.48;191.47
Aug 26, 2026 9:15 AM;Aug 26, 2026 9:30 AM;173.42;169.70;177.10;172.42;170.98;177.51;172.07;166.21;183.03;144.54;150.97;163.01;188.89;-;183.31;183.31;183.11
Aug 26, 2026 9:30 AM;Aug 26, 2026 9:45 AM;157.54;154.56;161.90;156.05;153.49;162.89;157.01;159.83;173.31;108.69;120.70;163.01;183.32;-;173.75;173.75;173.52
Aug 26, 2026 9:45 AM;Aug 26, 2026 10:00 AM;144.27;142.48;146.22;143.24;141.02;147.31;145.42;149.99;156.84;104.03;105.00;163.01;165.19;-;157.18;157.18;157.08
Aug 26, 2026 10:00 AM;Aug 26, 2026 10:15 AM;165.21;158.81;178.76;162.69;160.56;178.38;155.94;153.85;183.72;113.13;132.25;133.23;194.42;-;185.00;185.00;184.34
Aug 26, 2026 10:15 AM;Aug 26, 2026 10:30 AM;135.93;135.09;143.76;134.49;133.27;143.52;130.54;145.20;146.47;106.36;116.61;133.23;152.54;-;180.11;147.20;146.82
Aug 26, 2026 10:30 AM;Aug 26, 2026 10:45 AM;128.23;128.65;136.46;126.88;126.14;135.89;121.82;137.13;136.65;106.36;113.60;133.23;140.99;-;163.73;137.23;136.82
Aug 26, 2026 10:45 AM;Aug 26, 2026 11:00 AM;120.55;122.27;126.71;119.55;119.04;126.26;115.70;133.16;126.65;104.90;110.01;133.23;129.74;-;158.00;127.07;126.76
Aug 26, 2026 11:00 AM;Aug 26, 2026 11:15 AM;132.06;131.24;145.50;130.00;128.93;144.49;121.47;134.51;145.23;98.93;110.71;131.71;152.11;-;161.68;146.12;145.43
Aug 26, 2026 11:15 AM;Aug 26, 2026 11:30 AM;125.10;124.40;130.00;124.08;122.67;130.26;122.74;131.31;135.00;95.61;103.52;131.71;141.54;-;177.75;135.68;135.45
Aug 26, 2026 11:30 AM;Aug 26, 2026 11:45 AM;119.80;120.53;137.92;116.91;114.79;136.84;106.18;130.09;139.77;67.59;93.21;131.71;150.80;-;172.84;141.13;140.21
Aug 26, 2026 11:45 AM;Aug 26, 2026 12:00 PM;105.68;111.68;140.18;100.57;98.74;137.18;77.52;130.07;136.16;32.00;93.13;131.71;151.20;-;168.29;138.21;136.44
Aug 26, 2026 12:00 PM;Aug 26, 2026 12:15 PM;112.77;117.26;138.50;108.61;106.29;136.97;93.01;130.90;145.28;37.30;105.71;125.00;162.29;-;156.14;143.06;138.50
Aug 26, 2026 12:15 PM;Aug 26, 2026 12:30 PM;94.25;103.04;120.79;89.98;91.96;119.33;74.00;127.29;130.92;16.43;91.13;125.00;146.59;-;156.45;127.71;122.88
Aug 26, 2026 12:30 PM;Aug 26, 2026 12:45 PM;97.47;107.84;159.69;89.45;91.13;151.57;40.00;127.92;129.73;35.52;91.65;125.00;144.56;-;154.53;129.93;124.12
Aug 26, 2026 12:45 PM;Aug 26, 2026 1:00 PM;89.93;104.88;130.00;84.76;86.54;126.76;56.01;127.30;150.35;30.75;91.20;125.00;144.99;-;156.00;140.18;134.25
Aug 26, 2026 1:00 PM;Aug 26, 2026 1:15 PM;101.01;110.54;157.26;93.40;92.13;151.40;51.87;125.83;148.43;14.06;91.32;125.01;165.20;-;159.68;145.14;138.22
Aug 26, 2026 1:15 PM;Aug 26, 2026 1:30 PM;91.06;105.07;128.04;86.43;88.01;125.36;60.10;122.38;151.57;35.01;87.47;125.01;146.34;-;160.68;140.41;134.63
Aug 26, 2026 1:30 PM;Aug 26, 2026 1:45 PM;85.01;100.11;115.06;81.49;83.25;112.72;59.26;123.94;135.59;50.23;88.74;125.01;125.96;-;161.68;125.36;120.90
Aug 26, 2026 1:45 PM;Aug 26, 2026 2:00 PM;81.08;95.32;113.49;77.28;79.11;110.56;52.41;123.20;120.77;58.70;88.08;125.01;99.91;-;169.08;122.25;130.05
Aug 26, 2026 2:00 PM;Aug 26, 2026 2:15 PM;90.48;102.52;130.00;85.60;87.15;126.14;55.50;121.55;134.40;55.02;86.27;124.13;122.00;-;153.12;132.70;135.27
Aug 26, 2026 2:15 PM;Aug 26, 2026 2:30 PM;90.76;106.86;133.78;86.21;87.77;129.74;51.93;122.37;154.33;79.41;86.88;124.13;118.93;-;173.86;147.22;151.85
Aug 26, 2026 2:30 PM;Aug 26, 2026 2:45 PM;91.87;107.21;120.52;89.19;90.80;118.09;66.00;126.09;146.94;92.05;89.90;124.13;115.62;-;175.61;135.99;136.41
Aug 26, 2026 2:45 PM;Aug 26, 2026 3:00 PM;94.77;108.92;120.04;92.44;94.12;117.95;71.98;128.44;144.53;96.36;93.24;124.13;114.88;-;185.66;135.01;136.13
Aug 26, 2026 3:00 PM;Aug 26, 2026 3:15 PM;93.62;109.43;126.72;90.57;92.21;123.41;63.38;128.33;146.88;98.80;91.31;126.85;115.30;-;172.98;136.10;136.04
Aug 26, 2026 3:15 PM;Aug 26, 2026 3:30 PM;100.66;113.38;124.03;98.53;100.84;121.99;79.75;130.57;143.69;102.73;100.10;126.85;118.13;-;187.96;135.33;136.03
Aug 26, 2026 3:30 PM;Aug 26, 2026 3:45 PM;104.30;112.68;112.18;103.57;103.73;112.18;98.32;132.26;129.98;101.43;103.02;126.85;116.00;-;194.06;125.99;127.91
Aug 26, 2026 3:45 PM;Aug 26, 2026 4:00 PM;111.63;118.64;118.66;110.85;110.49;118.66;107.67;134.14;136.60;105.20;109.89;126.85;126.00;-;205.00;134.37;137.54
Aug 26, 2026 4:00 PM;Aug 26, 2026 4:15 PM;108.35;116.37;115.62;107.63;107.50;115.62;103.99;133.37;133.72;104.98;103.84;131.36;122.39;-;190.00;132.95;133.72
Aug 26, 2026 4:15 PM;Aug 26, 2026 4:30 PM;117.55;124.09;130.00;116.61;116.61;127.25;111.25;136.90;145.83;109.57;110.26;131.36;129.30;-;197.18;145.83;147.54
Aug 26, 2026 4:30 PM;Aug 26, 2026 4:45 PM;122.93;133.14;134.60;121.77;120.66;134.10;119.99;140.00;166.00;118.42;120.19;131.36;157.42;-;205.00;176.57;171.79
Aug 26, 2026 4:45 PM;Aug 26, 2026 5:00 PM;141.20;147.72;154.35;141.20;140.70;148.82;141.20;145.40;187.17;132.91;140.55;131.36;161.25;-;207.82;207.82;198.30
Aug 26, 2026 5:00 PM;Aug 26, 2026 5:15 PM;125.31;133.99;135.89;125.88;125.43;123.51;127.94;144.87;158.40;124.16;125.00;145.99;136.79;-;158.40;158.40;155.80
Aug 26, 2026 5:15 PM;Aug 26, 2026 5:30 PM;149.70;154.08;156.84;150.13;149.88;149.40;151.58;151.30;180.46;150.14;149.80;145.99;159.35;-;180.46;180.46;182.34
Aug 26, 2026 5:30 PM;Aug 26, 2026 5:45 PM;173.00;174.04;175.99;173.46;173.93;170.27;173.61;164.90;199.94;182.40;173.52;145.99;180.47;-;202.67;202.67;202.67
Aug 26, 2026 5:45 PM;Aug 26, 2026 6:00 PM;179.87;184.82;187.35;180.93;181.74;179.87;181.79;168.06;233.23;198.13;181.18;145.99;194.80;-;238.47;238.47;237.01
Aug 26, 2026 6:00 PM;Aug 26, 2026 6:15 PM;160.51;163.91;158.21;160.40;161.47;144.70;159.03;164.12;190.00;175.32;161.35;167.88;160.51;-;240.64;195.49;225.97
Aug 26, 2026 6:15 PM;Aug 26, 2026 6:30 PM;173.58;176.06;173.58;173.79;174.54;171.98;173.52;166.88;199.95;186.82;174.15;167.88;173.58;-;240.64;207.10;232.33
Aug 26, 2026 6:30 PM;Aug 26, 2026 6:45 PM;191.78;193.96;192.54;191.64;191.45;192.19;192.08;170.14;227.67;214.74;190.93;167.88;202.31;-;243.80;241.34;243.97
Aug 26, 2026 6:45 PM;Aug 26, 2026 7:00 PM;216.63;214.04;217.97;215.94;214.49;219.49;217.21;178.82;241.93;243.38;213.83;167.88;223.48;-;243.26;243.26;259.58
Aug 26, 2026 7:00 PM;Aug 26, 2026 7:15 PM;193.34;200.73;194.38;193.38;194.24;193.34;193.82;182.88;238.81;228.87;193.83;200.00;194.51;-;243.80;243.80;233.01
Aug 26, 2026 7:15 PM;Aug 26, 2026 7:30 PM;206.64;210.61;207.79;206.73;207.49;207.79;207.21;194.67;238.47;239.87;200.06;200.00;206.64;-;245.48;245.48;237.12
Aug 26, 2026 7:30 PM;Aug 26, 2026 7:45 PM;218.91;220.14;220.17;219.02;219.51;221.36;219.52;205.24;243.17;241.06;213.56;200.00;218.91;-;252.42;252.42;243.17
Aug 26, 2026 7:45 PM;Aug 26, 2026 8:00 PM;226.09;225.43;226.80;226.16;226.58;226.80;226.44;211.36;243.19;242.28;224.06;200.00;226.09;-;258.30;258.30;246.71
Aug 26, 2026 8:00 PM;Aug 26, 2026 8:15 PM;218.80;217.05;215.53;217.22;219.75;199.73;216.47;203.67;250.60;239.80;199.52;190.10;235.12;-;250.60;250.60;245.32
Aug 26, 2026 8:15 PM;Aug 26, 2026 8:30 PM;206.45;209.77;201.92;204.07;207.83;180.01;203.22;192.15;252.42;237.30;208.37;190.10;230.08;-;252.42;252.42;244.88
Aug 26, 2026 8:30 PM;Aug 26, 2026 8:45 PM;195.66;200.87;193.72;194.25;197.08;185.89;194.00;183.48;233.88;222.41;197.61;190.10;217.18;-;252.42;252.42;233.45
Aug 26, 2026 8:45 PM;Aug 26, 2026 9:00 PM;186.20;190.00;187.51;186.05;187.11;190.50;186.31;176.21;202.56;196.60;187.66;190.10;199.43;-;251.40;251.40;214.69
Aug 26, 2026 9:00 PM;Aug 26, 2026 9:15 PM;188.82;191.93;192.24;188.77;189.72;189.22;190.27;178.97;213.09;199.03;190.14;176.46;203.28;-;240.64;240.64;216.33
Aug 26, 2026 9:15 PM;Aug 26, 2026 9:30 PM;180.72;184.51;182.32;180.02;180.58;185.65;180.83;171.29;211.02;183.93;180.93;176.46;196.54;-;239.40;239.40;222.36
Aug 26, 2026 9:30 PM;Aug 26, 2026 9:45 PM;177.31;181.46;179.00;176.57;177.10;182.45;177.45;167.09;208.77;180.04;177.59;176.46;193.59;-;237.91;237.91;221.02
Aug 26, 2026 9:45 PM;Aug 26, 2026 10:00 PM;167.92;169.78;170.59;166.88;166.08;174.30;168.79;162.42;190.98;156.96;154.30;176.46;179.86;-;239.40;239.40;225.17
Aug 26, 2026 10:00 PM;Aug 26, 2026 10:15 PM;172.29;172.57;173.32;171.86;173.30;176.28;172.06;164.34;207.61;146.32;173.60;164.89;174.72;-;214.27;214.27;254.00
Aug 26, 2026 10:15 PM;Aug 26, 2026 10:30 PM;165.95;170.16;167.01;165.51;166.99;170.07;165.71;158.59;202.39;174.79;167.36;164.89;168.48;-;209.22;209.22;250.13
Aug 26, 2026 10:30 PM;Aug 26, 2026 10:45 PM;164.16;169.54;166.74;163.57;165.12;169.40;162.62;156.64;199.95;183.40;165.63;164.89;167.00;-;206.39;206.39;245.56
Aug 26, 2026 10:45 PM;Aug 26, 2026 11:00 PM;151.95;157.58;154.92;151.29;152.93;157.67;150.10;148.83;190.05;172.08;135.08;164.89;155.49;-;196.28;196.28;236.42
Aug 26, 2026 11:00 PM;Aug 26, 2026 11:15 PM;161.94;168.56;163.83;161.00;162.16;168.24;161.86;154.39;212.93;172.13;162.63;153.93;181.11;-;231.36;231.36;231.82
Aug 26, 2026 11:15 PM;Aug 26, 2026 11:30 PM;152.79;159.32;154.29;152.09;153.25;157.91;152.69;148.93;195.85;165.38;153.62;153.93;164.59;-;207.84;207.84;223.72
Aug 26, 2026 11:30 PM;Aug 26, 2026 11:45 PM;150.00;154.54;152.10;148.83;146.60;155.63;150.37;147.68;193.43;144.38;142.62;153.93;164.38;-;200.00;200.00;212.86
Aug 26, 2026 11:45 PM;Aug 27, 2026 12:00 AM;139.72;142.79;141.72;138.58;140.02;144.76;140.18;142.31;177.93;131.19;109.26;153.93;150.82;-;180.80;180.80;199.75
Aug 27, 2026 12:00 AM;Aug 27, 2026 12:15 AM;155.22;154.84;157.57;154.15;151.37;160.51;156.04;147.93;190.00;140.67;131.46;146.75;166.81;-;206.00;192.86;206.78
Aug 27, 2026 12:15 AM;Aug 27, 2026 12:30 AM;149.80;151.89;151.69;148.82;148.26;154.96;150.10;145.02;192.19;148.01;120.46;146.75;164.53;-;206.00;189.48;201.88
Aug 27, 2026 12:30 AM;Aug 27, 2026 12:45 AM;147.17;149.22;149.22;146.13;146.40;152.38;147.65;142.61;187.40;139.55;121.41;146.75;161.91;-;205.88;185.59;195.81
Aug 27, 2026 12:45 AM;Aug 27, 2026 1:00 AM;142.03;146.30;143.66;141.06;141.53;146.96;142.08;138.68;187.77;143.39;117.19;146.75;160.24;-;202.12;180.16;185.38
Aug 27, 2026 1:00 AM;Aug 27, 2026 1:15 AM;149.56;151.18;151.38;148.61;148.72;154.59;149.83;144.47;192.44;147.22;118.50;141.00;166.18;-;205.00;187.33;194.55
Aug 27, 2026 1:15 AM;Aug 27, 2026 1:30 AM;142.95;145.76;144.85;141.98;141.92;148.02;143.30;138.51;184.55;138.76;121.73;141.00;158.79;-;201.60;180.66;188.89
Aug 27, 2026 1:30 AM;Aug 27, 2026 1:45 AM;141.73;143.39;143.25;140.96;140.92;145.78;142.01;137.67;174.98;138.45;117.91;141.00;154.40;-;194.94;171.83;178.37
Aug 27, 2026 1:45 AM;Aug 27, 2026 2:00 AM;134.46;138.38;136.11;133.53;133.52;139.03;134.69;134.40;174.93;129.44;112.11;141.00;153.38;-;183.06;167.58;170.74
Aug 27, 2026 2:00 AM;Aug 27, 2026 2:15 AM;138.69;140.53;139.97;137.75;137.98;142.65;138.69;134.44;175.00;138.02;112.33;136.07;152.92;-;193.00;169.84;175.00
Aug 27, 2026 2:15 AM;Aug 27, 2026 2:30 AM;134.86;137.05;136.37;133.80;133.93;139.36;134.93;131.50;174.91;132.80;103.56;136.07;150.36;-;174.91;169.96;176.49
Aug 27, 2026 2:30 AM;Aug 27, 2026 2:45 AM;134.18;135.61;135.63;133.16;133.28;138.51;134.24;130.36;172.75;132.26;96.32;136.07;149.12;-;172.75;167.95;174.20
Aug 27, 2026 2:45 AM;Aug 27, 2026 3:00 AM;132.95;134.07;134.28;131.99;132.18;137.03;132.97;129.35;170.00;131.94;91.54;136.07;147.42;-;184.22;164.92;170.40
Aug 27, 2026 3:00 AM;Aug 27, 2026 3:15 AM;135.43;136.70;137.17;134.31;134.03;140.15;135.70;131.33;173.50;129.02;101.98;137.03;149.47;-;181.45;171.26;180.30
Aug 27, 2026 3:15 AM;Aug 27, 2026 3:30 AM;134.02;135.20;135.24;133.17;133.25;137.65;134.08;130.34;166.00;132.20;101.88;137.03;146.34;-;178.55;162.14;167.47
Aug 27, 2026 3:30 AM;Aug 27, 2026 3:45 AM;134.31;135.65;135.58;133.44;133.44;137.99;134.41;130.54;166.00;131.54;105.77;137.03;146.38;-;167.42;162.71;168.60
Aug 27, 2026 3:45 AM;Aug 27, 2026 4:00 AM;133.93;135.19;135.02;133.13;133.38;137.37;133.91;130.29;165.90;134.02;100.46;137.03;146.53;-;174.22;160.98;165.10
Aug 27, 2026 4:00 AM;Aug 27, 2026 4:15 AM;133.70;135.39;134.98;132.99;133.30;137.53;133.79;130.09;166.00;134.41;100.79;137.99;147.37;-;180.52;166.00;166.00
Aug 27, 2026 4:15 AM;Aug 27, 2026 4:30 AM;134.13;135.65;135.39;133.43;133.74;137.90;134.22;130.66;166.00;134.78;100.37;137.99;147.67;-;166.00;165.88;165.86
Aug 27, 2026 4:30 AM;Aug 27, 2026 4:45 AM;136.66;139.69;137.75;136.02;136.60;140.19;136.62;132.86;169.43;140.28;118.43;137.99;150.45;-;176.50;166.24;166.08
Aug 27, 2026 4:45 AM;Aug 27, 2026 5:00 AM;140.27;141.77;141.13;139.75;140.26;143.14;140.22;136.19;167.50;143.70;117.80;137.99;151.76;-;167.50;164.22;164.06
Aug 27, 2026 5:00 AM;Aug 27, 2026 5:15 AM;139.14;138.66;140.01;138.67;138.92;141.78;139.20;136.20;161.40;140.26;95.57;144.92;148.32;-;161.40;161.40;161.39
Aug 27, 2026 5:15 AM;Aug 27, 2026 5:30 AM;139.40;141.49;140.35;138.89;139.82;142.43;139.40;135.91;165.90;142.49;115.50;144.92;150.80;-;165.90;165.90;164.14
Aug 27, 2026 5:30 AM;Aug 27, 2026 5:45 AM;147.27;150.47;148.68;143.83;146.47;151.11;147.62;140.17;178.76;151.00;141.76;144.92;160.88;-;178.76;178.76;176.66
Aug 27, 2026 5:45 AM;Aug 27, 2026 6:00 AM;160.43;160.99;162.20;145.74;148.41;165.18;160.79;145.13;197.38;173.65;148.48;144.92;178.97;-;197.38;197.38;190.85
Aug 27, 2026 6:00 AM;Aug 27, 2026 6:15 AM;160.45;162.71;161.70;151.68;154.47;163.22;160.87;146.51;189.79;171.17;155.02;160.10;175.23;-;189.79;189.79;183.33
Aug 27, 2026 6:15 AM;Aug 27, 2026 6:30 AM;169.22;170.01;170.42;156.90;159.79;170.80;169.67;151.12;202.49;182.12;160.34;160.10;186.33;-;202.49;202.49;195.39
Aug 27, 2026 6:30 AM;Aug 27, 2026 6:45 AM;170.35;171.26;171.24;157.99;160.89;171.40;170.43;152.89;205.40;183.90;161.29;160.10;188.33;-;205.40;205.40;197.90
Aug 27, 2026 6:45 AM;Aug 27, 2026 7:00 AM;170.31;171.08;171.98;157.46;160.36;174.55;170.86;152.53;203.00;183.18;160.67;160.10;187.17;-;203.00;203.00;196.06
Aug 27, 2026 7:00 AM;Aug 27, 2026 7:15 AM;176.04;177.61;177.34;166.00;174.83;176.67;177.50;160.14;209.51;185.18;175.21;164.93;186.43;-;209.51;200.32;199.37
Aug 27, 2026 7:15 AM;Aug 27, 2026 7:30 AM;176.34;174.69;177.63;168.71;175.09;178.04;177.70;163.13;192.55;180.75;161.61;164.93;181.42;-;209.50;188.06;187.62
Aug 27, 2026 7:30 AM;Aug 27, 2026 7:45 AM;174.79;172.17;174.88;174.55;174.75;174.88;174.79;166.53;175.27;174.92;163.40;164.93;174.95;-;213.41;175.14;175.12
Aug 27, 2026 7:45 AM;Aug 27, 2026 8:00 AM;169.41;165.20;173.69;167.70;168.95;172.94;165.51;162.06;170.47;140.19;160.68;164.93;170.06;-;216.11;170.51;170.27
Aug 27, 2026 8:00 AM;Aug 27, 2026 8:15 AM;176.02;171.47;186.10;171.71;174.84;184.18;169.11;164.92;178.62;155.70;164.04;159.30;177.66;-;232.96;178.70;178.13
Aug 27, 2026 8:15 AM;Aug 27, 2026 8:30 AM;170.22;167.33;178.08;168.98;169.73;176.46;166.62;158.62;172.22;161.39;157.78;159.30;171.48;-;232.96;172.28;171.85
Aug 27, 2026 8:30 AM;Aug 27, 2026 8:45 AM;157.54;158.62;176.93;154.45;155.38;173.63;146.42;150.30;166.00;145.97;149.51;159.30;166.88;-;231.14;166.60;165.91
Aug 27, 2026 8:45 AM;Aug 27, 2026 9:00 AM;137.77;144.51;178.00;133.11;135.54;170.20;114.03;142.13;151.21;123.50;131.89;159.30;150.71;-;202.04;151.94;149.93
Aug 27, 2026 9:00 AM;Aug 27, 2026 9:15 AM;151.28;154.12;195.55;145.06;147.30;187.75;122.87;142.35;167.70;137.51;141.60;140.10;167.57;-;221.48;168.71;166.85
Aug 27, 2026 9:15 AM;Aug 27, 2026 9:30 AM;132.34;140.88;185.87;130.28;130.87;172.99;120.72;134.65;151.38;111.55;118.57;140.10;152.67;-;212.29;152.91;151.08
Aug 27, 2026 9:30 AM;Aug 27, 2026 9:45 AM;116.91;125.23;162.51;115.21;116.55;151.39;106.90;126.86;132.17;102.91;90.40;140.10;132.52;-;197.38;133.37;131.69
Aug 27, 2026 9:45 AM;Aug 27, 2026 10:00 AM;98.08;115.07;164.83;95.89;97.63;147.70;82.74;124.30;114.71;99.82;87.32;140.10;110.70;-;188.85;115.77;112.65
Aug 27, 2026 10:00 AM;Aug 27, 2026 10:15 AM;126.98;129.58;163.86;120.19;122.24;156.37;125.61;125.65;144.47;100.50;88.27;130.70;147.49;-;203.00;145.63;143.87
Aug 27, 2026 10:15 AM;Aug 27, 2026 10:30 AM;116.10;121.19;158.00;108.39;107.41;150.52;111.40;124.19;141.19;65.32;87.06;130.70;148.93;-;202.88;143.16;141.34
Aug 27, 2026 10:30 AM;Aug 27, 2026 10:45 AM;94.98;108.02;156.87;83.30;84.43;146.09;91.47;119.81;135.30;7.30;83.58;130.70;149.37;-;194.44;138.57;136.00
Aug 27, 2026 10:45 AM;Aug 27, 2026 11:00 AM;78.35;96.09;146.54;65.78;74.75;134.13;71.63;111.68;118.10;0.00;73.86;130.70;129.81;-;184.00;121.17;118.17
Aug 27, 2026 11:00 AM;Aug 27, 2026 11:15 AM;105.06;110.48;140.59;97.88;86.84;136.21;109.16;123.39;148.45;0.00;86.06;124.51;162.17;-;170.70;145.68;144.70
Aug 27, 2026 11:15 AM;Aug 27, 2026 11:30 AM;71.31;93.37;134.43;66.37;66.68;145.39;77.50;111.72;115.00;-17.51;78.74;124.51;124.24;-;177.69;116.53;112.09
Aug 27, 2026 11:30 AM;Aug 27, 2026 11:45 AM;40.00;77.04;146.24;24.13;29.89;139.75;40.00;110.70;95.73;-44.39;78.08;124.51;102.85;-;180.41;97.81;91.62
Aug 27, 2026 11:45 AM;Aug 27, 2026 12:00 PM;13.94;54.99;107.10;6.69;5.51;103.31;20.00;110.69;76.81;-119.71;78.03;124.51;91.93;-;175.00;77.09;72.25
Aug 27, 2026 12:00 PM;Aug 27, 2026 12:15 PM;31.59;78.36;186.00;2.98;18.37;151.26;31.90;114.18;87.65;-15.75;80.41;117.04;87.89;-;172.82;91.11;83.15
Aug 27, 2026 12:15 PM;Aug 27, 2026 12:30 PM;23.84;64.24;141.62;2.48;12.43;117.51;9.99;113.08;78.51;-49.96;79.77;117.04;84.17;-;174.32;79.82;74.05
Aug 27, 2026 12:30 PM;Aug 27, 2026 12:45 PM;20.09;63.83;151.86;2.10;5.53;125.81;0.00;115.07;85.28;-74.86;80.95;117.04;93.40;-;172.84;86.30;79.94
Aug 27, 2026 12:45 PM;Aug 27, 2026 1:00 PM;11.21;61.11;138.05;1.56;4.98;113.46;0.00;114.24;90.09;-63.06;80.51;117.04;75.30;-;173.08;89.26;91.64
Aug 27, 2026 1:00 PM;Aug 27, 2026 1:15 PM;10.02;63.27;127.94;1.72;4.94;105.33;0.00;105.41;111.35;-29.80;75.75;114.29;79.00;-;176.37;90.84;83.63
Aug 27, 2026 1:15 PM;Aug 27, 2026 1:30 PM;10.05;67.69;122.15;1.64;4.91;102.47;1.13;107.38;145.02;-18.21;76.91;114.29;86.94;-;178.80;110.67;105.29
Aug 27, 2026 1:30 PM;Aug 27, 2026 1:45 PM;6.16;62.64;129.99;1.40;4.66;107.49;8.89;106.66;125.83;-80.00;76.61;114.29;93.19;-;179.22;107.65;107.26
Aug 27, 2026 1:45 PM;Aug 27, 2026 2:00 PM;0.06;67.83;140.00;1.37;4.66;113.04;9.98;107.46;137.79;-45.63;77.08;114.29;86.08;-;180.00;108.81;103.56
Aug 27, 2026 2:00 PM;Aug 27, 2026 2:15 PM;0.09;64.58;140.33;1.34;4.58;113.47;0.01;107.07;113.61;-28.48;76.11;120.53;61.79;-;177.00;100.72;106.72
Aug 27, 2026 2:15 PM;Aug 27, 2026 2:30 PM;10.03;61.04;137.78;1.54;4.86;114.02;9.97;110.23;97.71;-77.34;78.02;120.53;74.08;-;177.63;102.38;115.58
Aug 27, 2026 2:30 PM;Aug 27, 2026 2:45 PM;20.05;75.82;149.94;1.63;4.99;125.10;17.30;110.82;139.61;-2.80;78.89;120.53;88.00;-;180.45;116.24;114.05
Aug 27, 2026 2:45 PM;Aug 27, 2026 3:00 PM;26.60;82.80;169.50;2.13;17.35;140.99;32.69;109.79;145.07;4.29;77.81;120.53;90.70;-;196.00;127.96;131.00
Aug 27, 2026 3:00 PM;Aug 27, 2026 3:15 PM;22.36;65.29;133.69;2.49;9.27;115.59;0.00;109.97;97.47;-52.40;77.68;131.59;92.82;-;169.09;109.96;128.25
Aug 27, 2026 3:15 PM;Aug 27, 2026 3:30 PM;30.01;82.67;164.54;7.06;20.86;139.46;20.00;112.43;145.01;-2.94;79.58;131.59;91.75;-;195.00;131.33;138.43
Aug 27, 2026 3:30 PM;Aug 27, 2026 3:45 PM;54.58;92.49;159.42;34.99;45.19;137.58;73.85;111.70;127.61;18.10;79.17;131.59;98.17;-;197.38;125.73;133.32
Aug 27, 2026 3:45 PM;Aug 27, 2026 4:00 PM;74.58;108.32;154.00;59.51;68.93;136.59;105.79;116.71;151.33;72.82;82.21;131.59;112.02;-;197.38;135.60;136.00
Aug 27, 2026 4:00 PM;Aug 27, 2026 4:15 PM;51.04;85.41;143.48;34.64;49.89;120.65;64.65;110.64;75.79;62.71;77.95;131.96;67.11;-;205.20;76.10;71.12
Aug 27, 2026 4:15 PM;Aug 27, 2026 4:30 PM;93.31;110.48;144.99;84.38;85.91;133.94;100.00;119.99;128.93;87.40;85.22;131.96;112.55;-;200.00;127.65;128.58
Aug 27, 2026 4:30 PM;Aug 27, 2026 4:45 PM;112.93;128.70;166.25;103.28;105.15;154.32;129.33;129.07;151.54;106.48;104.66;131.96;133.61;-;218.70;149.90;151.05
Aug 27, 2026 4:45 PM;Aug 27, 2026 5:00 PM;127.32;147.04;191.40;115.95;118.06;178.25;150.50;132.33;199.92;119.42;117.63;131.96;161.99;-;207.83;192.59;195.05
Aug 27, 2026 5:00 PM;Aug 27, 2026 5:15 PM;115.08;128.37;142.39;113.76;114.18;136.83;119.96;128.73;161.65;106.90;100.40;150.90;136.37;-;181.87;155.55;157.55
Aug 27, 2026 5:15 PM;Aug 27, 2026 5:30 PM;128.97;141.70;143.09;127.68;127.47;142.77;142.38;134.61;196.00;115.26;119.51;150.90;159.05;-;196.00;196.00;193.12
Aug 27, 2026 5:30 PM;Aug 27, 2026 5:45 PM;154.02;163.07;172.75;146.06;146.49;170.47;171.70;139.87;222.90;160.10;131.65;150.90;180.84;-;222.90;222.90;215.90
Aug 27, 2026 5:45 PM;Aug 27, 2026 6:00 PM;168.73;177.14;192.31;150.18;152.93;188.84;193.15;146.99;243.11;186.84;146.01;150.90;197.27;-;243.11;243.11;230.45
Aug 27, 2026 6:00 PM;Aug 27, 2026 6:15 PM;151.75;154.14;157.24;149.14;146.44;161.68;154.61;139.99;174.91;161.60;131.72;175.17;143.00;-;236.50;236.50;219.89
Aug 27, 2026 6:15 PM;Aug 27, 2026 6:30 PM;169.48;171.29;183.16;147.34;150.03;186.47;172.64;140.60;199.95;227.20;131.68;175.17;169.94;-;252.42;252.42;233.25
Aug 27, 2026 6:30 PM;Aug 27, 2026 6:45 PM;177.02;183.20;187.27;153.49;156.30;191.68;184.69;146.49;209.16;277.63;140.83;175.17;192.45;-;255.54;255.54;242.92
Aug 27, 2026 6:45 PM;Aug 27, 2026 7:00 PM;197.00;202.24;210.26;157.05;159.93;214.14;208.05;147.91;239.59;336.50;153.75;175.17;222.34;-;255.54;255.54;259.80
Aug 27, 2026 7:00 PM;Aug 27, 2026 7:15 PM;184.45;181.27;190.21;157.03;159.90;190.98;190.24;148.87;194.85;223.40;147.43;200.00;191.05;-;253.00;203.43;219.97
Aug 27, 2026 7:15 PM;Aug 27, 2026 7:30 PM;194.52;187.15;202.05;155.68;158.52;202.49;202.45;149.18;207.06;240.60;132.35;200.00;208.23;-;253.00;210.26;213.83
Aug 27, 2026 7:30 PM;Aug 27, 2026 7:45 PM;205.99;191.80;215.27;153.14;155.93;215.17;216.41;149.74;217.61;241.47;127.07;200.00;218.02;-;253.00;219.86;222.29
Aug 27, 2026 7:45 PM;Aug 27, 2026 8:00 PM;212.09;191.09;221.06;160.51;163.43;221.22;222.34;149.74;212.45;228.34;103.95;200.00;218.90;-;255.54;250.22;226.45
Aug 27, 2026 8:00 PM;Aug 27, 2026 8:15 PM;205.74;186.29;212.92;139.29;157.26;212.73;214.24;149.33;209.94;215.05;142.58;197.24;198.66;-;253.00;222.89;255.07
Aug 27, 2026 8:15 PM;Aug 27, 2026 8:30 PM;192.87;179.73;198.74;149.03;157.39;198.80;199.69;147.47;196.27;202.84;145.76;197.24;183.78;-;253.00;211.04;247.69
Aug 27, 2026 8:30 PM;Aug 27, 2026 8:45 PM;187.80;172.25;193.28;146.50;155.17;193.47;194.09;146.24;190.95;198.49;101.96;197.24;177.37;-;255.32;207.21;247.50
Aug 27, 2026 8:45 PM;Aug 27, 2026 9:00 PM;179.54;166.98;184.51;150.86;153.60;185.00;185.08;143.27;182.36;192.61;96.84;197.24;165.36;-;253.50;203.10;254.44
Aug 27, 2026 9:00 PM;Aug 27, 2026 9:15 PM;192.13;170.77;199.72;133.61;146.47;199.65;200.97;140.00;196.57;203.07;98.26;176.40;183.72;-;233.00;211.86;249.15
Aug 27, 2026 9:15 PM;Aug 27, 2026 9:30 PM;180.12;161.15;186.18;138.33;146.45;186.77;186.84;137.97;190.00;156.54;94.50;176.40;172.72;-;233.00;204.61;244.75
Aug 27, 2026 9:30 PM;Aug 27, 2026 9:45 PM;171.99;156.06;180.30;138.46;145.90;179.73;180.64;137.93;179.98;141.16;93.63;176.40;162.49;-;232.96;196.67;240.37
Aug 27, 2026 9:45 PM;Aug 27, 2026 10:00 PM;159.44;155.09;185.89;138.80;141.89;180.01;172.44;135.01;173.26;154.01;91.93;176.40;156.39;-;232.96;190.73;225.32
Aug 27, 2026 10:00 PM;Aug 27, 2026 10:15 PM;175.56;159.87;189.25;133.11;142.72;188.55;183.47;135.01;193.44;153.29;91.84;167.00;180.94;-;232.05;205.15;222.32
Aug 27, 2026 10:15 PM;Aug 27, 2026 10:30 PM;170.00;155.87;183.52;132.51;140.04;183.18;177.06;132.01;189.52;144.08;90.22;167.00;175.42;-;203.69;202.91;222.64
Aug 27, 2026 10:30 PM;Aug 27, 2026 10:45 PM;159.68;151.39;186.01;130.20;136.40;182.00;165.00;129.22;181.87;133.40;87.88;167.00;166.35;-;196.39;196.03;215.99
Aug 27, 2026 10:45 PM;Aug 27, 2026 11:00 PM;154.44;146.03;178.94;122.65;132.64;176.46;143.95;127.11;174.90;129.61;92.08;167.00;160.96;-;187.87;187.87;205.97
Aug 27, 2026 11:00 PM;Aug 27, 2026 11:15 PM;159.90;149.31;174.49;133.13;135.55;174.88;160.88;126.39;187.09;125.02;88.01;162.29;174.71;-;205.88;196.62;212.49
Aug 27, 2026 11:15 PM;Aug 27, 2026 11:30 PM;153.16;144.46;171.47;128.54;130.87;170.61;150.10;125.98;174.92;120.53;89.56;162.29;164.17;-;202.00;186.46;202.90
Aug 27, 2026 11:30 PM;Aug 27, 2026 11:45 PM;149.08;143.77;169.20;129.14;131.49;166.49;153.21;126.44;169.23;119.92;95.46;162.29;158.62;-;193.00;180.35;196.01
Aug 27, 2026 11:45 PM;Aug 28, 2026 12:00 AM;139.42;139.80;161.01;127.48;129.79;155.41;159.71;124.78;154.85;120.37;95.69;162.29;146.41;-;162.94;162.94;173.97
Aug 28, 2026 12:00 AM;Aug 28, 2026 12:15 AM;141.01;138.35;193.22;101.37;103.21;180.01;175.21;111.54;167.00;126.33;55.39;157.00;151.62;-;216.26;178.89;192.75
Aug 28, 2026 12:15 AM;Aug 28, 2026 12:30 AM;141.92;137.60;184.36;109.79;111.79;174.00;170.66;110.20;165.77;124.24;54.61;157.00;151.19;-;216.26;177.69;192.11
Aug 28, 2026 12:30 AM;Aug 28, 2026 12:45 AM;139.00;134.82;181.50;110.23;112.24;171.56;156.92;111.02;161.63;118.02;51.24;157.00;151.64;-;216.26;169.88;179.19
Aug 28, 2026 12:45 AM;Aug 28, 2026 1:00 AM;136.16;132.06;177.66;110.24;112.25;168.24;146.65;111.31;157.15;116.38;46.86;157.00;148.92;-;216.26;163.88;171.08
Aug 28, 2026 1:00 AM;Aug 28, 2026 1:15 AM;141.81;136.46;177.89;110.35;112.36;168.20;180.19;110.82;163.41;116.38;53.46;150.96;157.06;-;240.00;168.96;175.13
Aug 28, 2026 1:15 AM;Aug 28, 2026 1:30 AM;138.66;133.25;169.79;110.77;112.79;161.80;171.63;111.62;159.44;111.18;52.49;150.96;153.32;-;230.70;165.23;171.96
Aug 28, 2026 1:30 AM;Aug 28, 2026 1:45 AM;138.02;131.28;164.75;110.78;112.80;158.12;166.35;111.54;156.65;113.15;47.74;150.96;151.22;-;213.34;161.87;168.02
Aug 28, 2026 1:45 AM;Aug 28, 2026 2:00 AM;138.66;127.84;150.99;110.82;112.84;149.36;151.67;111.06;152.95;115.93;50.62;150.96;149.00;-;206.08;157.46;163.33
Aug 28, 2026 2:00 AM;Aug 28, 2026 2:15 AM;137.18;130.42;168.99;114.73;116.83;161.07;153.24;111.96;155.14;114.54;47.28;141.01;149.86;-;206.44;160.24;165.76
Aug 28, 2026 2:15 AM;Aug 28, 2026 2:30 AM;138.68;127.18;153.17;113.01;115.07;151.05;148.24;111.56;153.66;114.69;47.99;141.01;149.50;-;206.08;158.51;164.70
Aug 28, 2026 2:30 AM;Aug 28, 2026 2:45 AM;140.51;126.60;147.75;111.72;113.76;148.11;147.92;111.12;154.41;115.98;50.11;141.01;150.70;-;202.48;159.16;165.64
Aug 28, 2026 2:45 AM;Aug 28, 2026 3:00 AM;136.60;124.46;142.30;112.51;114.56;142.76;142.50;110.62;148.23;115.93;53.55;141.01;145.13;-;205.00;152.22;157.68
Aug 28, 2026 3:00 AM;Aug 28, 2026 3:15 AM;140.89;127.04;147.20;114.12;116.20;147.70;147.39;111.40;153.73;118.10;50.43;140.89;150.31;-;185.14;158.14;164.17
Aug 28, 2026 3:15 AM;Aug 28, 2026 3:30 AM;139.62;126.19;145.14;114.34;116.43;145.34;145.49;111.59;149.00;125.16;48.14;140.89;146.56;-;176.73;151.93;155.91
Aug 28, 2026 3:30 AM;Aug 28, 2026 3:45 AM;138.26;125.74;143.74;113.26;115.33;143.96;144.07;110.63;147.55;125.16;54.30;140.89;144.20;-;184.12;151.17;156.06
Aug 28, 2026 3:45 AM;Aug 28, 2026 4:00 AM;136.43;124.23;141.34;114.00;116.08;141.56;141.64;111.26;144.71;125.89;48.25;140.89;140.91;-;178.93;148.55;153.71
Aug 28, 2026 4:00 AM;Aug 28, 2026 4:15 AM;137.11;124.62;142.37;114.38;116.46;142.63;142.64;111.61;146.47;122.83;47.80;140.00;143.64;-;175.59;149.77;154.24
Aug 28, 2026 4:15 AM;Aug 28, 2026 4:30 AM;139.44;125.98;145.10;114.51;116.60;145.31;145.44;111.73;149.03;125.16;46.47;140.00;146.38;-;174.13;152.14;156.37
Aug 28, 2026 4:30 AM;Aug 28, 2026 4:45 AM;139.96;126.27;145.83;114.00;113.00;146.04;146.19;111.29;149.83;125.16;50.40;140.00;147.28;-;169.26;152.88;157.02
Aug 28, 2026 4:45 AM;Aug 28, 2026 5:00 AM;139.85;126.44;145.50;111.94;110.76;145.50;146.02;113.32;147.48;132.88;53.19;140.00;144.21;-;176.47;150.55;154.63
Aug 28, 2026 5:00 AM;Aug 28, 2026 5:15 AM;137.37;125.87;141.28;119.97;122.16;141.56;141.47;114.25;144.36;130.02;45.04;145.00;139.49;-;176.48;148.95;155.11
Aug 28, 2026 5:15 AM;Aug 28, 2026 5:30 AM;141.30;129.33;146.05;121.97;122.99;146.65;146.09;118.09;151.52;128.85;51.57;145.00;143.87;-;170.00;158.91;168.84
Aug 28, 2026 5:30 AM;Aug 28, 2026 5:45 AM;148.48;134.35;153.95;123.50;123.99;154.67;153.93;120.61;161.09;128.29;58.17;145.00;154.64;-;183.00;168.01;177.39
Aug 28, 2026 5:45 AM;Aug 28, 2026 6:00 AM;159.92;143.43;166.58;126.81;129.11;167.05;166.82;123.72;173.04;137.09;72.87;145.00;169.60;-;188.18;177.46;183.51
Aug 28, 2026 6:00 AM;Aug 28, 2026 6:15 AM;164.48;148.13;168.45;137.57;140.08;168.17;169.07;133.58;168.05;162.79;46.50;167.86;167.27;-;181.52;168.63;169.28
Aug 28, 2026 6:15 AM;Aug 28, 2026 6:30 AM;172.23;154.60;176.69;140.49;143.05;176.21;177.52;136.23;175.00;173.89;59.07;167.86;174.55;-;193.40;174.90;174.64
Aug 28, 2026 6:30 AM;Aug 28, 2026 6:45 AM;174.29;159.09;178.49;144.27;146.89;178.04;179.28;139.75;176.90;175.85;86.13;167.86;176.48;-;198.40;176.81;176.56
Aug 28, 2026 6:45 AM;Aug 28, 2026 7:00 AM;173.03;158.34;177.11;143.82;146.44;176.67;177.87;139.45;175.56;174.55;87.22;167.86;175.15;-;200.00;175.47;175.24
Aug 28, 2026 7:00 AM;Aug 28, 2026 7:15 AM;179.81;166.57;183.35;152.81;155.60;182.90;184.13;144.06;181.75;180.76;110.34;175.26;181.34;-;197.00;181.68;181.43
Aug 28, 2026 7:15 AM;Aug 28, 2026 7:30 AM;180.26;166.87;183.74;153.69;156.50;183.30;184.51;144.94;182.17;181.19;108.51;175.26;181.76;-;204.00;182.09;181.85
Aug 28, 2026 7:30 AM;Aug 28, 2026 7:45 AM;177.41;164.22;180.56;153.40;156.20;180.16;181.25;144.95;179.14;178.25;98.52;175.26;178.77;-;214.91;179.07;178.84
Aug 28, 2026 7:45 AM;Aug 28, 2026 8:00 AM;174.44;162.33;177.29;152.71;155.49;176.93;177.92;144.61;176.00;175.20;98.55;175.26;175.67;-;209.10;175.94;175.74
Aug 28, 2026 8:00 AM;Aug 28, 2026 8:15 AM;187.40;170.55;192.15;155.97;158.81;192.13;192.68;147.98;195.31;169.07;102.32;172.12;197.51;-;213.59;195.26;195.25
Aug 28, 2026 8:15 AM;Aug 28, 2026 8:30 AM;172.74;162.29;176.26;155.18;158.01;176.67;176.25;148.90;182.33;146.04;107.52;172.12;185.87;-;218.66;182.34;182.57
Aug 28, 2026 8:30 AM;Aug 28, 2026 8:45 AM;162.59;151.15;167.15;153.51;156.30;168.40;166.10;148.55;145.07;118.69;98.56;172.12;168.21;-;216.11;155.92;156.60
Aug 28, 2026 8:45 AM;Aug 28, 2026 9:00 AM;155.15;143.79;159.83;151.69;152.46;161.35;158.30;147.51;115.92;116.39;97.70;172.12;148.40;-;202.00;132.40;130.38
Aug 28, 2026 9:00 AM;Aug 28, 2026 9:15 AM;161.87;153.06;165.30;153.00;155.79;166.38;164.67;148.00;177.24;115.00;102.84;150.24;185.17;-;238.80;177.32;177.09
Aug 28, 2026 9:15 AM;Aug 28, 2026 9:30 AM;161.77;150.37;166.38;153.27;156.06;167.66;165.29;147.94;167.00;115.00;94.85;150.24;170.34;-;230.70;152.68;129.36
Aug 28, 2026 9:30 AM;Aug 28, 2026 9:45 AM;151.21;140.27;153.59;151.06;150.11;154.35;152.81;145.93;146.73;96.96;89.12;150.24;152.10;-;220.00;137.72;121.71
Aug 28, 2026 9:45 AM;Aug 28, 2026 10:00 AM;145.76;122.63;150.83;146.49;148.88;152.01;149.16;143.86;65.17;77.11;65.98;150.24;99.24;-;212.37;76.09;75.79
Aug 28, 2026 10:00 AM;Aug 28, 2026 10:15 AM;155.00;129.99;157.71;155.30;158.14;157.82;157.07;147.71;88.98;79.74;77.87;137.14;112.45;-;207.73;95.25;92.24
Aug 28, 2026 10:15 AM;Aug 28, 2026 10:30 AM;142.59;113.64;145.18;145.13;147.78;145.06;144.56;139.26;60.06;42.23;55.65;137.14;88.03;-;210.47;66.96;62.28
Aug 28, 2026 10:30 AM;Aug 28, 2026 10:45 AM;130.66;103.58;134.05;132.90;135.33;134.26;133.15;132.00;45.55;34.52;44.47;137.14;75.99;-;203.80;53.75;50.01
Aug 28, 2026 10:45 AM;Aug 28, 2026 11:00 AM;122.31;98.57;118.55;126.52;128.83;115.25;119.95;130.69;79.49;13.66;32.38;137.14;81.79;-;198.00;74.79;63.99
Aug 28, 2026 11:00 AM;Aug 28, 2026 11:15 AM;129.06;107.44;127.72;132.40;139.87;126.16;128.38;134.55;81.63;36.22;50.04;136.00;88.83;-;195.98;78.32;70.90
Aug 28, 2026 11:15 AM;Aug 28, 2026 11:30 AM;122.65;105.16;118.70;126.48;135.48;115.93;120.14;129.99;97.86;34.53;44.79;136.00;96.85;-;195.98;94.05;84.65
Aug 28, 2026 11:30 AM;Aug 28, 2026 11:45 AM;117.81;100.64;113.73;121.67;130.78;110.88;115.21;125.98;92.02;34.63;35.75;136.00;90.42;-;195.96;88.35;79.07
Aug 28, 2026 11:45 AM;Aug 28, 2026 12:00 PM;116.81;97.90;125.01;122.72;131.90;92.11;123.07;126.50;84.48;22.02;29.19;136.00;83.94;-;195.98;79.83;70.44
Aug 28, 2026 12:00 PM;Aug 28, 2026 12:15 PM;112.08;100.90;109.98;114.38;119.74;108.47;110.77;122.21;99.21;45.17;44.55;135.41;100.00;-;170.00;96.50;90.38
Aug 28, 2026 12:15 PM;Aug 28, 2026 12:30 PM;108.98;95.27;105.45;112.56;120.70;102.90;106.76;121.80;86.05;34.39;37.37;135.41;84.57;-;180.00;82.78;74.48
Aug 28, 2026 12:30 PM;Aug 28, 2026 12:45 PM;112.94;96.83;109.36;116.73;125.30;106.30;110.68;123.29;88.71;34.29;27.89;135.41;87.17;-;180.00;85.26;76.52
Aug 28, 2026 12:45 PM;Aug 28, 2026 1:00 PM;109.56;94.84;132.55;116.54;122.57;68.62;126.46;123.60;79.74;32.07;24.87;135.41;80.85;-;173.33;75.34;69.17
Aug 28, 2026 1:00 PM;Aug 28, 2026 1:15 PM;98.45;89.73;104.79;101.12;104.46;73.73;103.25;116.79;90.03;31.96;32.44;135.65;92.76;-;179.86;87.48;82.63
Aug 28, 2026 1:15 PM;Aug 28, 2026 1:30 PM;93.85;84.97;115.56;98.30;100.21;25.57;109.86;115.50;83.51;31.75;31.75;135.65;87.02;-;180.00;81.11;77.30
Aug 28, 2026 1:30 PM;Aug 28, 2026 1:45 PM;100.58;85.03;114.32;104.54;108.19;0.08;111.01;118.46;90.05;31.87;29.73;135.65;91.39;-;179.31;88.53;81.86
Aug 28, 2026 1:45 PM;Aug 28, 2026 2:00 PM;92.07;84.78;112.13;96.00;97.76;38.98;106.81;114.22;83.82;32.06;27.29;135.65;87.87;-;180.27;81.34;78.21
Aug 28, 2026 2:00 PM;Aug 28, 2026 2:15 PM;102.01;87.77;96.25;105.19;112.92;77.00;98.34;113.56;84.01;34.56;26.43;135.19;82.00;-;185.00;81.69;73.18
Aug 28, 2026 2:15 PM;Aug 28, 2026 2:30 PM;100.00;86.01;92.66;102.51;109.67;63.51;95.21;112.19;85.94;35.94;29.28;135.19;84.00;-;190.00;84.24;75.84
Aug 28, 2026 2:30 PM;Aug 28, 2026 2:45 PM;106.26;91.48;99.39;108.13;114.16;70.03;101.75;114.89;97.59;35.38;32.23;135.19;97.52;-;184.27;95.85;87.93
Aug 28, 2026 2:45 PM;Aug 28, 2026 3:00 PM;107.73;88.68;92.73;108.66;116.00;21.45;97.62;114.69;100.65;56.03;35.93;135.19;96.52;-;195.89;101.17;91.49
Aug 28, 2026 3:00 PM;Aug 28, 2026 3:15 PM;109.55;95.49;104.98;112.76;119.98;93.92;106.73;116.23;93.44;48.37;26.58;137.40;90.03;-;185.00;89.24;81.60
Aug 28, 2026 3:15 PM;Aug 28, 2026 3:30 PM;112.23;94.86;101.14;113.92;121.00;59.45;104.96;117.43;103.96;53.72;30.55;137.40;99.98;-;187.90;101.56;92.79
Aug 28, 2026 3:30 PM;Aug 28, 2026 3:45 PM;116.41;101.66;104.84;115.86;118.55;55.76;108.67;119.53;119.39;86.83;34.39;137.40;117.00;-;195.98;119.72;114.11
Aug 28, 2026 3:45 PM;Aug 28, 2026 4:00 PM;119.29;104.48;102.77;116.32;118.46;27.25;108.09;120.04;134.81;110.84;40.38;137.40;132.93;-;195.00;138.18;133.79
Aug 28, 2026 4:00 PM;Aug 28, 2026 4:15 PM;111.35;99.22;100.00;109.05;109.41;46.86;103.64;112.56;125.14;97.26;23.49;140.09;123.94;-;185.20;127.98;124.70
Aug 28, 2026 4:15 PM;Aug 28, 2026 4:30 PM;118.32;104.37;104.55;115.87;116.83;41.71;108.97;119.60;131.31;110.84;28.60;140.09;129.68;-;194.60;133.36;130.36
Aug 28, 2026 4:30 PM;Aug 28, 2026 4:45 PM;122.23;109.56;111.62;119.85;119.77;60.92;115.02;123.73;137.45;101.29;36.69;140.09;138.71;-;204.00;139.14;136.87
Aug 28, 2026 4:45 PM;Aug 28, 2026 5:00 PM;126.34;113.43;109.29;123.73;124.37;52.18;116.94;127.74;153.01;112.24;42.15;140.09;146.00;-;206.80;151.34;148.01
Aug 28, 2026 5:00 PM;Aug 28, 2026 5:15 PM;116.99;107.00;104.51;115.36;116.86;47.24;108.78;128.20;125.76;121.21;27.42;159.19;122.44;-;195.98;127.92;125.28
Aug 28, 2026 5:15 PM;Aug 28, 2026 5:30 PM;135.97;118.08;117.36;133.20;134.76;29.46;123.76;132.70;153.87;129.80;37.52;159.19;147.31;-;192.72;159.45;158.69
Aug 28, 2026 5:30 PM;Aug 28, 2026 5:45 PM;156.76;140.39;147.20;155.52;156.68;103.20;150.48;140.72;166.05;160.05;43.36;159.19;161.80;-;206.80;166.93;164.97
Aug 28, 2026 5:45 PM;Aug 28, 2026 6:00 PM;163.09;153.89;161.98;163.23;163.69;152.56;162.44;147.81;191.00;168.17;46.33;159.19;176.37;-;230.70;230.27;199.30
Aug 28, 2026 6:00 PM;Aug 28, 2026 6:15 PM;144.39;135.73;137.50;143.38;144.90;105.59;139.77;142.88;160.91;155.90;47.71;160.10;154.38;-;216.26;216.26;174.13
Aug 28, 2026 6:15 PM;Aug 28, 2026 6:30 PM;160.89;150.14;157.77;160.56;161.64;143.36;158.80;149.20;176.33;171.70;42.11;160.10;169.95;-;230.92;230.92;189.37
Aug 28, 2026 6:30 PM;Aug 28, 2026 6:45 PM;167.30;158.45;167.16;167.49;170.55;164.34;167.16;149.56;199.89;181.45;40.00;160.10;175.29;-;230.92;230.92;221.04
Aug 28, 2026 6:45 PM;Aug 28, 2026 7:00 PM;169.34;155.67;170.85;169.68;170.36;172.89;170.10;149.92;203.49;145.25;26.29;160.10;173.46;-;230.92;230.92;241.31
Aug 28, 2026 7:00 PM;Aug 28, 2026 7:15 PM;154.89;146.61;149.36;154.32;155.73;129.61;151.81;148.69;177.95;155.25;48.45;174.69;166.83;-;230.92;230.92;188.34
Aug 28, 2026 7:15 PM;Aug 28, 2026 7:30 PM;165.82;158.19;166.82;166.13;166.80;168.97;166.15;149.90;189.46;177.96;40.56;174.69;172.69;-;230.92;230.92;212.00
Aug 28, 2026 7:30 PM;Aug 28, 2026 7:45 PM;175.50;159.73;176.27;175.73;176.00;177.71;175.81;149.94;171.03;180.71;20.90;174.69;178.27;-;231.20;231.20;191.45
Aug 28, 2026 7:45 PM;Aug 28, 2026 8:00 PM;193.95;170.80;194.62;193.96;193.95;195.68;194.23;149.97;185.34;197.17;9.26;174.69;189.95;-;231.20;231.20;221.87
Aug 28, 2026 8:00 PM;Aug 28, 2026 8:15 PM;174.88;160.21;174.55;174.39;175.23;174.88;174.12;149.93;194.59;182.01;10.86;167.72;184.02;-;230.70;199.00;190.49
Aug 28, 2026 8:15 PM;Aug 28, 2026 8:30 PM;177.73;161.22;177.71;177.44;177.97;178.80;177.31;149.94;190.92;182.37;9.49;167.72;183.73;-;218.40;192.91;187.86
Aug 28, 2026 8:30 PM;Aug 28, 2026 8:45 PM;180.83;162.50;181.06;180.68;181.02;181.80;180.75;149.96;187.39;184.14;8.25;167.72;184.68;-;230.92;196.79;188.51
Aug 28, 2026 8:45 PM;Aug 28, 2026 9:00 PM;173.64;156.35;174.45;173.62;174.03;176.14;173.83;149.99;166.99;179.05;6.75;167.72;177.29;-;230.92;230.92;188.89
Aug 28, 2026 9:00 PM;Aug 28, 2026 9:15 PM;176.30;159.91;177.19;175.78;176.39;179.17;176.30;151.85;199.93;175.35;6.58;164.21;176.30;-;218.93;206.65;242.18
Aug 28, 2026 9:15 PM;Aug 28, 2026 9:30 PM;168.12;154.68;169.08;167.61;168.17;171.07;168.18;151.44;190.95;178.62;5.28;164.21;166.92;-;216.26;199.37;238.34
Aug 28, 2026 9:30 PM;Aug 28, 2026 9:45 PM;166.01;151.94;166.54;165.71;166.07;167.71;166.02;152.06;180.02;172.18;4.80;164.21;166.01;-;216.26;184.00;205.06
Aug 28, 2026 9:45 PM;Aug 28, 2026 10:00 PM;154.01;142.46;154.90;153.69;153.92;156.33;154.25;147.93;166.94;161.58;4.26;164.21;149.00;-;205.57;178.66;217.58
Aug 28, 2026 10:00 PM;Aug 28, 2026 10:15 PM;171.44;156.11;171.98;171.19;171.67;173.20;171.44;154.17;187.40;178.16;4.06;160.10;173.87;-;216.26;189.12;204.57
Aug 28, 2026 10:15 PM;Aug 28, 2026 10:30 PM;162.30;150.29;163.34;161.97;162.56;165.24;162.48;154.16;184.48;172.84;3.51;160.10;162.52;-;205.42;191.88;225.31
Aug 28, 2026 10:30 PM;Aug 28, 2026 10:45 PM;161.40;146.70;162.32;161.34;161.31;163.29;161.86;152.30;166.96;166.88;3.30;160.10;153.99;-;195.98;180.65;217.33
Aug 28, 2026 10:45 PM;Aug 28, 2026 11:00 PM;150.64;138.90;151.51;150.52;150.62;152.59;151.00;147.42;159.20;156.73;2.81;160.10;145.40;-;170.48;170.48;203.54
Aug 28, 2026 11:00 PM;Aug 28, 2026 11:15 PM;157.08;146.28;164.52;154.80;155.36;165.93;151.76;148.80;197.22;145.48;2.27;147.19;175.80;-;206.80;191.48;196.03
Aug 28, 2026 11:15 PM;Aug 28, 2026 11:30 PM;150.80;141.84;154.91;149.70;150.26;157.00;148.07;144.20;189.02;149.89;1.99;147.19;168.00;-;195.98;189.39;188.32
Aug 28, 2026 11:30 PM;Aug 28, 2026 11:45 PM;141.55;134.67;145.90;140.42;141.16;148.02;138.50;135.40;181.18;142.71;1.99;147.19;158.85;-;181.26;181.26;181.26
Aug 28, 2026 11:45 PM;Aug 29, 2026 12:00 AM;131.10;124.47;131.83;130.65;131.32;133.67;131.01;127.38;156.47;137.16;1.92;147.19;140.53;-;158.42;158.42;161.39
